MaterialName,Design_HostMaterial,Design_PrimaryDopant_element,Design_PrimaryDopant_concentration_text,Design_CoDopants,Design_BasePolymer,Design_Solvents,Design_Additives,Fabrication_DepositionMethod,Fabrication_PrimaryMethod,Fabrication_SubstrateMaterial,Fabrication_AnnealingConditions_Temperature,Fabrication_AnnealingConditions_Atmosphere,Fabrication_CoagulationBathDetails_Temperature,Fabrication_FilmThicknessText,Performance_ElectricalProperties_Resistivity,Performance_ElectricalProperties_SheetResistance,Performance_ElectricalProperties_CarrierConcentration,Performance_ElectricalProperties_HallMobility,Performance_OpticalProperties_AverageTransmittance,Performance_OpticalProperties_OpticalBandGapText,Performance_OtherPerformanceMetrics_WorkFunctionText,Performance_OtherPerformanceMetrics_FigureOfMeritValue,Performance_LiquidTransportProperties_PureWaterFlux,Performance_LiquidTransportProperties_Rejections,Performance_GasTransportProperties_Permeances,Performance_GasTransportProperties_Selectivities,Performance_StructuralPhysicalProperties_PoreSizeText,Performance_StructuralPhysicalProperties_ContactAngleText,Application_PotentialApplicationArea,Application_DevicePerformance,Application_AchievedPerformanceInApplication
Sn-doped In2O3 (ITO),In2O3,,,,,,,Sputtering,,,,,,,,,,,,,,,,,,,,,"Window layers in solar cells, displays",,
Hydrogen-doped In2O3 (IO:H),In2O3,,,,,,,Sputtering,,,,,,,,,,,,,,,,,,,,,"High-efficiency silicon heterojunction (SHJ), CIGS, and perovskite solar cells",,
Ce and H co-doped In2O3 (ICO:H),In2O3,,,"[{""Element"": ""H"", ""Concentration_text"": ""Co-doping via H2 plasma""}]",,,,Sputtering,,,,,,,,,,,,,,,,,,,,,High-efficiency solar cells,,
W and H co-doped In2O3 (IWO:H),In2O3,,,"[{""Element"": ""H"", ""Concentration_text"": ""Co-doping via H2 plasma""}]",,,,Sputtering,,,,,,,,,,,,,,,,,,,,,High-efficiency solar cells,,
poly-In2O3,In2O3,,,,,,,Reactive Plasma Deposition (RPD),,glass,,,,220 nm,,,,,,,,,,,,,,,,,
In2O3:W (1 wt.% WO3),In2O3,,,,,,,Reactive Plasma Deposition (RPD),,glass,,,,220 nm,,,,,,,,,,,,,,,,,
In2O3:Ce (1 wt.% CeO2),In2O3,,,,,,,Reactive Plasma Deposition (RPD),,glass,,,,220 nm,,,,,,,,,,,,,,,,,
spc-In2O3:H,In2O3,,,,,,,Reactive Plasma Deposition (RPD),,glass,250°C,Vacuum,,220 nm,,,,,,,,,,,,,,,,,
"spc-In2O3:Ce,H (1 wt.% CeO2)",In2O3,,,"[{""Element"": ""H"", ""Concentration_text"": ""Interstitial doping via H2O vapor""}]",,,,Reactive Plasma Deposition (RPD),,glass,250°C,Vacuum,,220 nm,,,,,,,,,,,,,,,,,
"spc-In2O3:Ce,H (3 wt.% CeO2)",In2O3,,,"[{""Element"": ""H"", ""Concentration_text"": ""Interstitial doping via H2O vapor""}]",,,,Reactive Plasma Deposition (RPD),,glass,250°C,Vacuum,,220 nm,,,,,,,,,,,,,,,High-efficiency solar cells and optoelectronic devices,,
Ce and H co-doped In2O3 (ICO:H),In2O3,,,"[{""Element"": ""H"", ""Concentration_text"": ""1.3 at.% (from 1.0% H2-gas flow)""}]",,,,dc arc-discharge ion plating,,Corning Eagle XG glass,200°C,Air,,100 nm,,,,,,,,,,,,,,,Transparent conductive electrodes for solar cells,,
Sn-doped In2O3 (90:10 SnO2/In2O3),In2O3,,,,,,,Magnetron Sputtering,,,,,,,,,,,,,,,,,,,,,SHJ solar cells,,
Sn-doped In2O3 (95:5 SnO2/In2O3),In2O3,,,,,,,Magnetron Sputtering,,,,,,,,,,,,,,,,,,,,,SHJ solar cells,,
Sn-doped In2O3 (98:2 SnO2/In2O3),In2O3,,,,,,,Magnetron Sputtering,,,,,,,,,,,,,,,,,,,,,SHJ solar cells,,
Undoped In2O3 (IO),In2O3,,,,,,,Magnetron Sputtering,,,,,,,,,,,,,,,,,,,,,SHJ solar cells,,
W-doped In2O3 (IWO),In2O3,,,,,,,Magnetron Sputtering,,,,,,,,,,,,,,,,,,,,,SHJ solar cells,,
SCOT,In2O3,,,,,,,Magnetron Sputtering,,,,,,,,,,,,,,,,,,,,,SHJ solar cells,,
SRE,In2O3,,,,,,,Magnetron Sputtering,,,,,,,,,,,,,,,,,,,,,SHJ solar cells,,
"Ti, Zr, Ga co-doped In2O3 (SCOT)",In2O3,,,"[{""Element"": ""Zr"", ""Concentration_text"": ""0.5 wt% ZrO2""}, {""Element"": ""Ga"", ""Concentration_text"": ""0.5 wt% Ga2O3""}]",,,,RF Magnetron Sputtering,,,200°C,Air,,70 nm and 400 nm,,,,,,,,,,,,,,,,,
Mn-doped In2O3 (x=0.04),In2O3,,,,,,,RF-magnetron sputtering,,(001)Si and ultrawhite glass,,,,900 nm,,,,,,,,,,,,,,,Spintronic devices,,
Mn-doped In2O3 (x=0.05),In2O3,,,,,,,RF-magnetron sputtering,,(001)Si and ultrawhite glass,,,,900 nm,,,,,,,,,,,,,,,Spintronic devices,,
Mn-doped In2O3 (x=0.085),In2O3,,,,,,,RF-magnetron sputtering,,(001)Si and ultrawhite glass,,,,900 nm,,,,,,,,,,,,,,,Spintronic devices,,
Mn-doped In2O3 (x=0.137),In2O3,,,,,,,RF-magnetron sputtering,,(001)Si and ultrawhite glass,,,,900 nm,,,,,,,,,,,,,,,Spintronic devices,,
Mo-doped In2O3 (IMO),In2O3,,,,,,,Pulsed Laser Deposition (PLD),,Quartz,,,,~140 nm,,,,,,,,,,,,,,,Transparent electrodes for solar cells,,
Ti-doped In2O3 (ITiO),In2O3,,,,,,,RF Magnetron Sputtering,,,530°C,Not specified,,,,,,,,,,,,,,,,,CIGS solar cells,,
W-doped In2O3 (IWO),In2O3,,,,,,,DC Magnetron Sputtering,,,,,,,,,,,,,,,,,,,,,,,
Hydrogen-doped In2O3,In2O3,,,,,,,Sputtering with H2 plasma treatment,,,,,,,,,,,,,,,,,,,,,High mobility TFTs,,
ITO (In2O3:Sn),In2O3,,,,,,,DC Magnetron Sputtering,,,,,,,,,,,,,,,,,,,,,Front and rear electrodes in SHJ solar cells,Record PCE of 26.81% achieved by LONGi Co.,
IO:H (Hydrogen-doped In2O3),In2O3,,,,,,,Sputtering with H2 plasma treatment,,,,,,,,,,,,,,,,,,,,,High mobility TFTs and SHJ solar cells,PCE of 22.5% with Cu-plated grids,
IWO (W-doped In2O3),In2O3,,,"[{""Element"": ""Ti"", ""Concentration_text"": ""0.05 wt% TiO2""}]",,,,Reactive Plasma Deposition (RPD),,,,,,,,,,,,,,,,,,,,,Large-area SHJ solar cells,PCE of 25.18% achieved in 244.6 cm² devices,
AZO (Al-doped ZnO),ZnO,,,,,,,Magnetron Sputtering,,,,,,,,,,,,,,,,,,,,,Indium-free rear electrodes in SHJ cells,PCE of 23.96% in back-AZO configurations,
ICO:H (Ce-doped In2O3),In2O3,,,,,,,,,,,,,,,,,,,,,,,,,,,,,PCE of 24.1% in SHJ solar cells,
Undoped In2O3 (IO),In2O3,,,,,,,RF Magnetron Sputtering,,Corning 7059 glass,,,,100-1200 nm,,,,,,,,,,,,,,,Transparent conducting oxide films,,
Sn-doped In2O3 (ITO),In2O3,,,,,,,RF Magnetron Sputtering,,Corning 7059 glass,,,,100-1200 nm,,,,,,,,,,,,,,,Transparent electrodes for optoelectronic devices,,
Zr-doped In2O3 (IZrO),In2O3,,,,,,,RF Magnetron Sputtering,,Corning 7059 glass,,,,100-1200 nm,,,,,,,,,,,,,,,TCO films with reduced oxygen sensitivity,,
Sn and Zr co-doped In2O3 (ITZO),In2O3,,,"[{""Element"": ""Zr"", ""Concentration_text"": ""0.49 at.%""}]",,,,RF Magnetron Sputtering,,Corning 7059 glass,,,,100-1200 nm,,,,,,,,,,,,,,,Large-area production TCO films with wider process window,,
Ce-doped In2O3 (ICO),In2O3,,,,,,,RF magnetron sputtering,,Eagle XG glass,,,,100 nm (±5 nm) measured by profilometer,,,,,,,,,,,,,,,"Semi-transparent perovskite solar cells, perovskite/silicon tandem solar cells",Tandem solar cell PCE improved from 18.85% to 20.37% (relative 8.06% improvement),
Sn-doped In2O3 (ITO),In2O3,,,,,,,RF magnetron sputtering,,Eagle XG glass,,,,100 nm (±5 nm) measured by profilometer,,,,,,,,,,,,,,,Reference electrode for perovskite solar cells,Baseline tandem solar cell PCE: 18.85%,
"Mo-doped In2O3 (mist-CVD, ~1 at% Mo)",In2O3,,,,,,,Atmospheric-pressure mist chemical-vapor deposition (mist-CVD),,Corning Eagle XG glass,600°C,Vacuum (3 × 10^-3 Pa),,150–250 nm,,,,,,,,,,,,,,,Transparent electrodes in thin-film photovoltaic cells and energy-efficient windows,,
"Mo-doped In2O3 (sputtered, 1.0 at% Mo target)",In2O3,,,,,,,RF magnetron sputtering,,Glass,,,,~500 nm (measured by XRR),,,,,,,,,,,,,,,Transparent electrodes in photovoltaic cells and heat-reflective electrodes in energy-efficient electrochromic windows,,
"Ti and W co-doped In2O3 (IWTO) - 1.1 wt% WO3, 0.05 wt% TiO2",In2O3,,,"[{""Element"": ""Ti"", ""Concentration_text"": ""0.05 wt% TiO2""}]",,,,Reactive Plasma Deposition (RPD),,Corning 7059 glass,200°C,Air,,~100 nm,,,,,,,,,,,,,,,Silicon heterojunction solar cells,"Solar cell efficiency of 23.8% (Voc: 0.746 V, Jsc: 38.7 mA/cm², FF: 82.9%)",
Nb-doped In2O3 (0.7 at%),In2O3,,,,,,,Co-sputtering (RF In2O3 + DC Nb targets),,(001) YSZ substrates,,,,200-300 nm,,,,,,,,,,,,,,,"Transparent conductors for displays, LEDs, solar cells",,
Nb-doped In2O3 (3.2 at%),In2O3,,,,,,,Co-sputtering (RF In2O3 + DC Nb targets),,(001) YSZ substrates,,,,200-300 nm,,,,,,,,,,,,,,,"Transparent conductors for displays, LEDs, solar cells",,
Nb-doped In2O3 (4.2 at%),In2O3,,,,,,,Co-sputtering (RF In2O3 + DC Nb targets),,(001) YSZ substrates,,,,200-300 nm,,,,,,,,,,,,,,,"Transparent conductors for displays, LEDs, solar cells",,
Nb-doped In2O3 (9.1 at%),In2O3,,,,,,,Co-sputtering (RF In2O3 + DC Nb targets),,(001) YSZ substrates,,,,200-300 nm,,,,,,,,,,,,,,,"Transparent conductors for displays, LEDs, solar cells",,
Nb-doped In2O3 (0.7 at%),In2O3,,,,,,,Co-sputtering of In2O3 and Nb targets,,(001) YSZ substrates,,,,200-300 nm,,,,,,,,,,,,,,,"Transparent conductive electrodes for displays, LEDs, solar cells",,
Nb-doped In2O3 (3.2 at%),In2O3,,,,,,,Co-sputtering of In2O3 and Nb targets,,(001) YSZ substrates,,,,200-300 nm,,,,,,,,,,,,,,,"Transparent conductive electrodes for displays, LEDs, solar cells",,
Nb-doped In2O3 (4.2 at%),In2O3,,,,,,,Co-sputtering of In2O3 and Nb targets,,(001) YSZ substrates,,,,200-300 nm,,,,,,,,,,,,,,,"Transparent conductive electrodes for displays, LEDs, solar cells",,
Nb-doped In2O3 (9.1 at%),In2O3,,,,,,,Co-sputtering of In2O3 and Nb targets,,(001) YSZ substrates,,,,200-300 nm,,,,,,,,,,,,,,,"Transparent conductive electrodes for displays, LEDs, solar cells",,
CeO2 and H co-doped In2O3 (ICO:H),In2O3,,,"[{""Element"": ""H"", ""Concentration_text"": ""1.3 at.% (from HFS)""}]",,,,Ion plating with dc arc-discharge (HPE),,Corning Eagle XG glass,,,,70 nm (on each side of wafer),,,,,,,,,,,,,,,Silicon heterojunction solar cells,24.1% conversion efficiency (243.4 cm² cell),
Sn-doped In2O3 (ITO),In2O3,,,,,,,Ion plating with dc arc-discharge (HPE),,,,,,,,,,,,,,,,,,,,,,,
H-doped In2O3 (IO:H) QH=1.0%,In2O3,,,,,,,,,,,,,,,,,,,,,,,,,,,,,,
H-doped In2O3 (IO:H) QH=2.0%,In2O3,,,,,,,,,,,,,,,,,,,,,,,,,,,,,,
W-doped In2O3 (IWO),In2O3,,,,,,,,,,,,,,,,,,,,,,,,,,,,,,
"IMO:H (0% fH2, L-Fgas)",In2O3,,,"[{""Element"": ""Mo"", ""Concentration_text"": ""0.5 wt% MoO3""}, {""Element"": ""Ti"", ""Concentration_text"": ""0.6 wt% TiO2""}, {""Element"": ""Zr"", ""Concentration_text"": ""1.0 wt% ZrO2""}, {""Element"": ""Ga"", ""Concentration_text"": ""0.6 wt% Ga2O3""}]",,,,DC Magnetron Sputtering,,Corning 7059 glass,200°C,Air,,~100 nm,,,,,,,,,,,,,,,Rear electrode in SHJ solar cells,Achieved JSC of 38.79 mA/cm² and PCE up to 23.81% in champion cell,
"IMO:H (0.1% fH2, L-Fgas)",In2O3,,,"[{""Element"": ""Mo"", ""Concentration_text"": ""0.5 wt% MoO3""}, {""Element"": ""Ti"", ""Concentration_text"": ""0.6 wt% TiO2""}, {""Element"": ""Zr"", ""Concentration_text"": ""1.0 wt% ZrO2""}, {""Element"": ""Ga"", ""Concentration_text"": ""0.6 wt% Ga2O3""}]",,,,DC Magnetron Sputtering,,Corning 7059 glass,200°C,Air,,~100 nm,,,,,,,,,,,,,,,Rear electrode in SHJ solar cells,Champion cell achieved PCE of 23.81% with FF of 82.18%,
"IMO:H (0.2% fH2, L-Fgas)",In2O3,,,"[{""Element"": ""Mo"", ""Concentration_text"": ""0.5 wt% MoO3""}, {""Element"": ""Ti"", ""Concentration_text"": ""0.6 wt% TiO2""}, {""Element"": ""Zr"", ""Concentration_text"": ""1.0 wt% ZrO2""}, {""Element"": ""Ga"", ""Concentration_text"": ""0.6 wt% Ga2O3""}]",,,,DC Magnetron Sputtering,,Corning 7059 glass,200°C,Air,,~100 nm,,,,,,,,,,,,,,,Rear electrode in SHJ solar cells,Achieved JSC of 39.14 mA/cm²,
"IMO:H (0.2% fH2, H-Fgas)",In2O3,,,"[{""Element"": ""Mo"", ""Concentration_text"": ""0.5 wt% MoO3""}, {""Element"": ""Ti"", ""Concentration_text"": ""0.6 wt% TiO2""}, {""Element"": ""Zr"", ""Concentration_text"": ""1.0 wt% ZrO2""}, {""Element"": ""Ga"", ""Concentration_text"": ""0.6 wt% Ga2O3""}]",,,,DC Magnetron Sputtering,,Corning 7059 glass,200°C,Air,,~100 nm,,,,,,,,,,,,,,,Rear electrode in SHJ solar cells,Achieved JSC of 39.14 mA/cm²,
Sn-doped In2O3 (ITO),In2O3,,,,,,,,,,,,,,,,,,,,,,,,,,,,Transparent conductive electrodes,,
Zn and Sn co-doped In2O3 (InZnSnO),In2O3,,,"[{""Element"": ""Sn""}]",,,,,,,,,,,,,,,,,,,,,,,,,,,
Hg and Sn co-doped In2O3 with VO (In-Hg-Sn-O:VO),In2O3,,,"[{""Element"": ""Sn""}]",,,,,,,,,,,,,,,,,,,,,,,,,High-performance TCOs with reduced effective mass,,
Ni and Sn co-doped In2O3 with VO (In-Ni-Sn-O:VO),In2O3,,,"[{""Element"": ""Sn""}]",,,,,,,,,,,,,,,,,,,,,,,,,,,
In2O3 with oxygen vacancy (VO),In2O3,,,,,,,,,,,,,,,,,,,,,,,,,,,,,,
In2O3:Mo (1 wt%),In2O3,,,,,,,RF magnetron sputtering,,Corning 7059 glass,450°C,Sputtering ambient (Ar/O2),,0.5-1 μm (measured by stylus profilometry),,,,,,,,,,,,,,,Transparent conductive electrodes,,
In2O3:Mo (2 wt%),In2O3,,,,,,,RF magnetron sputtering,,Corning 7059 glass,450°C,Sputtering ambient (Ar/O2),,0.5-1 μm (measured by stylus profilometry),,,,,,,,,,,,,,,Transparent conductive electrodes,,
In2O3:Mo (3 wt%),In2O3,,,,,,,RF magnetron sputtering,,Corning 7059 glass,450°C,Sputtering ambient (Ar/O2),,0.5-1 μm (measured by stylus profilometry),,,,,,,,,,,,,,,Transparent conductive electrodes,,
In2O3:Mo (4 wt%),In2O3,,,,,,,RF magnetron sputtering,,Corning 7059 glass,450°C,Sputtering ambient (Ar/O2),,0.5-1 μm (measured by stylus profilometry),,,,,,,,,,,,,,,Transparent conductive electrodes,,
Ti-doped In2O3 (1.7 at.% Ti),In2O3,,,,,,,RF magnetron sputtering,,Corning 1737 glass,,,,200-400 nm,,,,,,,,,,,,,,,Transparent conductive electrodes,,
Ti-doped In2O3 (2.8 at.% Ti),In2O3,,,,,,,RF magnetron sputtering,,Corning 1737 glass,,,,200-400 nm,,,,,,,,,,,,,,,Transparent conductive electrodes,,
Ti-doped In2O3 (6.0 at.% Ti),In2O3,,,,,,,RF magnetron sputtering,,Corning 1737 glass,,,,200-400 nm,,,,,,,,,,,,,,,Transparent conductive electrodes,,
Zr-doped In2O3 (x=0.022),In2O3,,,,,,,RF magnetron co-sputtering,,Corning 1737 glass,,,,270 nm,,,,,,,,,,,,,,,"Applications requiring high conductivity and transparency in NIR wavelength region, such as solar cells and organic light-emitting diodes (OLEDs)",,
"Zr-doped In2O3 (x=0.020, 930 nm thick)",In2O3,,,,,,,RF magnetron co-sputtering,,Corning 1737 glass,,,,930 nm,,,,,,,,,,,,,,,"Applications requiring high conductivity and transparency in NIR wavelength region, such as solar cells and organic light-emitting diodes (OLEDs)",,
Mo-doped In2O3 (0.5 at.%),In2O3,,,,,,,Spray pyrolysis,,Corning-1737 glass,,,,300 nm,,,,,,,,,,,,,,,"Optoelectronics, NIR-sensitive solar cells, thin-film transistors (TFTs)",,
Undoped In2O3,In2O3,,,,,,,Spray pyrolysis,,Corning-1737 glass,,,,300 nm,,,,,,,,,,,,,,,Baseline for doped In2O3 studies,,
Mo-doped In2O3 (1.0 at.%),In2O3,,,,,,,Spray pyrolysis,,Corning-1737 glass,,,,300 nm,,,,,,,,,,,,,,,NIR-transparent conductive layers,,
Undoped SnOx,SnOx,,,,,,,Magnetron sputtering,,Textured silicon wafers or glass,,,,,,,,,,,,,,,,,,,Front transparent electrode for SHJ solar cells,Solar cell efficiency of 24.91%,
IMO:H+SnOx bilayer film,In2O3,,,"[{""Element"": ""Ti""}, {""Element"": ""Ce""}, {""Element"": ""Ta""}]",,,,Sputtering,,,,,,100 nm total (1:1 ratio),,,,,,,,,,,,,,,SHJ solar cells with copper electrodes,Certified efficiency of 25.94% (274.4 cm² area),
Sn-doped In2O3 (ITO),In2O3,,,,,,,,,,,,,,,,,,,,,,,,,,,,"Transparent electrodes for flat panel displays, photovoltaic cells, LCDs",,
Mo-doped In2O3 (IMO),In2O3,,,,,,,,,,,,,,,,,,,,,,,,,,,,,,
Transition metal-doped In2O3:H (IMO:H),In2O3,,,"[{""Element"": ""Ce"", ""Concentration_text"": ""0.14 wt% CeO2 target component""}, {""Element"": ""Ta"", ""Concentration_text"": ""0.03 wt% Ta2O5 target component""}, {""Element"": ""H"", ""Concentration_text"": ""1% H2 in sputtering gas""}]",,,,DC sputtering,,Textured silicon (100) wafers and glass substrates,,,,80 nm,,,,,,,,,,,,,,,Front transparent conductive oxide layer for silicon heterojunction solar cells,"Certified efficiency up to 25.26% (total area, 274.5 cm²) with Jsc exceeding 40 mA/cm²",
Sn-doped In2O3 (ITO),In2O3,,,,,,,DC sputtering,,Textured silicon (100) wafers and glass substrates,,,,80 nm,,,,,,,,,,,,,,,Transparent conductive oxide layer for silicon heterojunction solar cells,Certified efficiency of 24.78% for ITO/a-Si:H(n+) SHJ solar cell,
Undoped SnOx,SnOx,,,,,,,Magnetron sputtering,,glass or textured silicon wafers,,,,,,,,,,,,,,,,,,,Front transparent electrode for silicon heterojunction (SHJ) solar cells,24.91% efficiency,
IMO:H+SnOx bilayer film,In2O3,,,"[{""Element"": ""Ce""}, {""Element"": ""Ta""}, {""Element"": ""H"", ""Concentration_text"": ""hydrogenated""}]",,,,Magnetron sputtering,,,,,,100 nm total (50 nm each layer),,,,,,,,,,,,,,,Transparent electrodes for SHJ solar cells,25.94% certified efficiency with copper electrodes,
Fluorine-doped In2O3 (InF3 pellets),In2O3,,,,,,,RF Magnetron Sputtering,,soda-lime glass,,,,200-300 nm,,,,,,,,,,,,,,,Transparent electrodes for flat panel displays or solar cells,,
Fluorine-doped In2O3 (CF4 gas),In2O3,,,,,,,RF Magnetron Sputtering,,soda-lime glass,,,,200-300 nm,,,,,,,,,,,,,,,Transparent electrodes for flat panel displays or solar cells,,
Sn-doped In2O3-Ti-Ta-Ce target (0.05 wt% Sn),In2O3,,,"[{""Element"": ""Ti"", ""Concentration_text"": ""0.1 wt%""}, {""Element"": ""Ta"", ""Concentration_text"": ""0.45 wt%""}, {""Element"": ""Ce"", ""Concentration_text"": ""0.6 wt%""}]",,,,Sintering,,,1300°C,Oxygen,,Target material preparation (not film),,,,,,,,,,,,,,,Transparent conductive oxide layers for solar cells,,
Cd-doped In2O3-Ti-Ta-Ce target (0.05 wt% Cd),In2O3,,,"[{""Element"": ""Ti"", ""Concentration_text"": ""0.1 wt%""}, {""Element"": ""Ta"", ""Concentration_text"": ""0.45 wt%""}, {""Element"": ""Ce"", ""Concentration_text"": ""0.6 wt%""}]",,,,Sintering,,,,,,Target material preparation (not film),,,,,,,,,,,,,,,,,
Sb-doped In2O3-Ti-Ta-Ce target (0.05 wt% Sb),In2O3,,,"[{""Element"": ""Ti"", ""Concentration_text"": ""0.1 wt%""}, {""Element"": ""Ta"", ""Concentration_text"": ""0.45 wt%""}, {""Element"": ""Ce"", ""Concentration_text"": ""0.6 wt%""}]",,,,Sintering,,,,,,Target material preparation (not film),,,,,,,,,,,,,,,,,
W-doped In2O3,In2O3,,,,,,,RF magnetron co-sputtering,,glass,650°C,N2,,70–180 nm,,,,,,,,,,,,,,,Transparent conductors for NIR optoelectronic devices,,
Zr-doped In2O3,In2O3,,,,,,,RF magnetron co-sputtering,,glass,650°C,N2,,70–180 nm,,,,,,,,,,,,,,,Transparent conductors for NIR optoelectronic devices,,
Mo-doped In2O3,In2O3,,,,,,,RF magnetron co-sputtering,,glass,650°C,N2,,70–180 nm,,,,,,,,,,,,,,,Transparent conductors for NIR optoelectronic devices,,
Ti-doped In2O3,In2O3,,,,,,,RF magnetron co-sputtering,,glass,650°C,N2,,70–180 nm,,,,,,,,,,,,,,,Transparent conductors for NIR optoelectronic devices,,
Sn-doped In2O3 (ITO),In2O3,,,,,,,Sputtering,,glass,,,,,,,,,,,,,,,,,,,Conventional transparent electrodes,,
Crystalline In2O3 (300°C annealed),In2O3,,,,,,,Solution-processed combustion reaction,,ITO-coated glass,300°C,,,,,,,,,,,,,,,,,,Electron transport layer in organic solar cells,PCE increased to 10.5% for fullerene-based and 11.5% for nonfullerene-based OSCs,
Amorphous In2O3 (200°C annealed),In2O3,,,,,,,Solution-processed combustion reaction,,ITO-coated glass,200°C,,,,,,,,,,,,,,,,,,Electron transport layer in organic solar cells,PCE comparable to ZnO-based devices (9.5% for fullerene-based OSCs),
Zr-doped In2O3 (IZRO) as-deposited,In2O3,,,,,,,RF sputtering,,soda-lime glass,,,,100 nm,,,,,,,,,,,,,,,Transparent electrodes for perovskite tandem solar cells,,
Zr-doped In2O3 (IZRO) annealed,In2O3,,,,,,,RF sputtering,,soda-lime glass,200°C,Ambient air,,100 nm,,,,,,,,,,,,,,,Transparent electrodes for perovskite/silicon tandem solar cells,Four-terminal tandem solar cell achieved PCE of 26.2% (vs 23.3% with ITO),
In:CdO,CdO,,,,,,,,,,,,,,,,,,,,,,,,,,,,"Infrared plasmonics, photothermal therapy",,
h-Cs:WO3 (hexagonal phase),WO3,,,,,,,,,,,,,,,,,,,,,,,,,,,,"Electrochromic windows, IR modulation",,
"F,Sn co-doped In2O3 (FITO)",In2O3,,,"[{""Element"": ""F"", ""Concentration_text"": ""co-doping for defect compensation""}]",,,,Colloidal synthesis (Schlenk line),,,,,,20-120 nm cubic NCs,,,,,,,,,,,,,,,"Surface-enhanced infrared absorption (SEIRA), coupled plasmon-vibration systems",,
Sn:In2O3 (ITO),In2O3,,,,,,,Colloidal synthesis (slow injection method),,ITO-coated glass,,,,,,,,,,,,,,,,,,,"Electrochromic smart windows, capacitive charge sensors",,
Mn-doped In2O3 (4 at.%),In2O3,,,,,,,RF-magnetron sputtering,,Si (1 0 0),,,,~900 nm,,,,,,,,,,,,,,,Spintronic devices,,
Mn-doped In2O3 (5 at.%),In2O3,,,,,,,RF-magnetron sputtering,,Si (1 0 0),,,,~900 nm,,,,,,,,,,,,,,,Spintronic devices,,
Mn-doped In2O3 (8.5 at.%),In2O3,,,,,,,RF-magnetron sputtering,,Si (1 0 0),,,,~900 nm,,,,,,,,,,,,,,,Spintronic devices,,
Mn-doped In2O3 (13.7 at.%),In2O3,,,,,,,RF-magnetron sputtering,,Si (1 0 0),,,,~900 nm,,,,,,,,,,,,,,,Spintronic devices,,
Ti-doped In2O3 (ITiO) thin film (as-deposited),In2O3,,,,,,,RF magnetron sputtering,,soda-lime glass,,,,250 nm,,,,,,,,,,,,,,,,,
Ti-doped In2O3 (ITiO) thin film (post-annealed),In2O3,,,,,,,RF magnetron sputtering,,soda-lime glass,530°C,Vacuum (<8 × 10^-6 Torr),,250 nm,,,,,,,,,,,,,,,"Transparent electrodes for thin film solar cells, flat-panel displays, and optoelectronic devices",,
Ce and H co-doped In2O3 (ICO:H) with 1.0% H2 gas flow,In2O3,,,"[{""Element"": ""H"", ""Concentration_text"": ""1.3 at.%""}]",,,,dc arc-discharge ion plating,,Corning Eagle XG glass,200°C,air,,100 nm,,,,,,,,,,,,,,,Transparent conductive electrodes for solar cells,,
Ce and H co-doped In2O3 (ICO:H) with 1.5% H2 gas flow,In2O3,,,"[{""Element"": ""H"", ""Concentration_text"": ""H2-gas flow ratio of 1.5%""}]",,,,dc arc-discharge ion plating,,Corning Eagle XG glass,200°C,air,,100 nm,,,,,,,,,,,,,,,,,
Ce and H co-doped In2O3 (ICO:H) with 2.0% H2 gas flow,In2O3,,,"[{""Element"": ""H"", ""Concentration_text"": ""H2-gas flow ratio of 2.0%""}]",,,,dc arc-discharge ion plating,,Corning Eagle XG glass,200°C,air,,100 nm,,,,,,,,,,,,,,,,,
Ce-doped In2O3 (ICO) without H doping,In2O3,,,,,,,dc arc-discharge ion plating,,Corning Eagle XG glass,200°C,air,,100 nm,,,,,,,,,,,,,,,,,
H-doped In2O3 (IO:H) with 1.0% H2 gas flow,In2O3,,,,,,,dc arc-discharge ion plating,,Corning Eagle XG glass,200°C,air,,100 nm,,,,,,,,,,,,,,,,,
H-doped In2O3 (IO:H) with 2.0% H2 gas flow,In2O3,,,,,,,dc arc-discharge ion plating,,Corning Eagle XG glass,200°C,air,,100 nm,,,,,,,,,,,,,,,,,
Ce-doped hydrogenated In2O3 (ICO:H) with 1.0% H2 flow,In2O3,,,"[{""Element"": ""H"", ""Concentration_text"": ""1.0% H2-gas flow ratio""}]",,,,dc arc-discharge ion plating,,Corning Eagle XG glass,200°C,Air,,100 nm,,,,,,,,,,,,,,,Solar cells requiring high mobility and low ohmic losses,,
Ce-doped In2O3 (ICO),In2O3,,,,,,,dc arc-discharge ion plating,,Corning Eagle XG glass,200°C,Air,,100 nm,,,,,,,,,,,,,,,,,
Ce and H co-doped In2O3 (ICO:H),In2O3,,,"[{""Element"": ""H"", ""Concentration_text"": ""1.3 at.% (from HFS)""}]",,,,dc arc-discharge ion plating,,Corning Eagle XG glass,200°C,Air,,100 nm,,,,,,,,,,,,,,,Transparent conductive electrodes for solar cells requiring high mobility and low ohmic losses,,
Ce-doped In2O3 (ICO),In2O3,,,,,,,dc arc-discharge ion plating,,Corning Eagle XG glass,200°C,Air,,100 nm,,,,,,,,,,,,,,,,,
H-doped In2O3 (IO:H),In2O3,,,,,,,dc arc-discharge ion plating,,Corning Eagle XG glass,200°C,Air,,100 nm,,,,,,,,,,,,,,,,,
In2O3:Ge,In2O3,,,,,,,Radio-frequency magnetron sputtering,,Borosilicate glass,,,,,,,,,,,,,,,,,,,Transparent electrodes for liquid crystal displays and other displays,,
In2O3:Si,In2O3,,,,,,,Radio-frequency magnetron sputtering,,Borosilicate glass,,,,,,,,,,,,,,,,,,,Transparent electrodes for liquid crystal displays and other displays,,
In2O3:Sn (ITO),In2O3,,,,,,,Radio-frequency magnetron sputtering,,Borosilicate glass,,,,,,,,,,,,,,,,,,,"Transparent conductive films (e.g., ITO standard)",,
Ga2O3:P (0 at.%),Ga2O3,,,,,,,Aqueous solution spin-coating,,P++-Si wafers,500°C,,,58.09 nm,,,,,,,,,,,,,,,Gate dielectric for oxide thin-film transistors,"Mobility: 12.13 ± 0.18 cm²/Vs, On/off ratio: 7.6×10⁵",
Ga2O3:P (10 at.%),Ga2O3,,,,,,,Aqueous solution spin-coating,,P++-Si wafers,500°C,,,57.85 nm,,,,,,,,,,,,,,,Gate dielectric for oxide thin-film transistors,"Mobility: 15.90 ± 0.24 cm²/Vs, On/off ratio: 1.2×10⁶",
Ga2O3:P (20 at.%),Ga2O3,,,,,,,Aqueous solution spin-coating,,P++-Si wafers,500°C,,,56.15 nm,,,,,,,,,,,,,,,Gate dielectric for oxide thin-film transistors,"Mobility: 20.49 ± 0.32 cm²/Vs, On/off ratio: 1.9×10⁶, Subthreshold swing: 0.15 ± 0.01 V/dec",
Ga2O3:P (30 at.%),Ga2O3,,,,,,,Aqueous solution spin-coating,,P++-Si wafers,500°C,,,54.56 nm,,,,,,,,,,,,,,,Gate dielectric for oxide thin-film transistors,"Mobility: 17.75 ± 0.29 cm²/Vs, On/off ratio: 8.7×10⁵",
Ga2O3:P (40 at.%),Ga2O3,,,,,,,Aqueous solution spin-coating,,P++-Si wafers,500°C,,,53.50 nm,,,,,,,,,,,,,,,Gate dielectric for oxide thin-film transistors,"Mobility: 14.22 ± 0.25 cm²/Vs, On/off ratio: 6.4×10⁵",
Sn-doped In2O3 (2 mol.% Sn),In2O3,,,,,,,Aerosol Assisted Chemical Vapour Deposition (AACVD),,Silica coated float glass with SiO2 barrier layer,,,,680 nm,,,,,,,,,,,,,,,,,
Mo-doped In2O3 (1 mol.% Mo),In2O3,,,,,,,Aerosol Assisted Chemical Vapour Deposition (AACVD),,Silica coated float glass with SiO2 barrier layer,,,,610 nm,,,,,,,,,,,,,,,Transparent conductive electrodes requiring NIR transparency,,
Mo-doped In2O3 (2 mol.% Mo),In2O3,,,,,,,Aerosol Assisted Chemical Vapour Deposition (AACVD),,Silica coated float glass with SiO2 barrier layer,,,,650 nm,,,,,,,,,,,,,,,High-mobility transparent electrodes for optoelectronic devices,,
Mo-doped In2O3 (3 mol.% Mo),In2O3,,,,,,,Aerosol Assisted Chemical Vapour Deposition (AACVD),,Silica coated float glass with SiO2 barrier layer,,,,650 nm,,,,,,,,,,,,,,,,,
Mo-doped In2O3 (4 mol.% Mo),In2O3,,,,,,,Aerosol Assisted Chemical Vapour Deposition (AACVD),,Silica coated float glass with SiO2 barrier layer,,,,680 nm,,,,,,,,,,,,,,,,,
Mo-doped In2O3 (5 mol.% Mo),In2O3,,,,,,,Aerosol Assisted Chemical Vapour Deposition (AACVD),,Silica coated float glass with SiO2 barrier layer,,,,680 nm,,,,,,,,,,,,,,,,,
Mo-doped In2O3 (7 mol.% Mo),In2O3,,,,,,,Aerosol Assisted Chemical Vapour Deposition (AACVD),,Silica coated float glass with SiO2 barrier layer,,,,651 nm,,,,,,,,,,,,,,,,,
Y-doped In2O3 (3.125 at.% Y substitutional),In2O3,,,,,,,,,,,,,,,,,,,,,,,,,,,,Transparent conducting electrodes with improved optoelectronic efficiency,,
Y-doped In2O3 (6.25 at.% Y substitutional),In2O3,,,,,,,,,,,,,,,,,,,,,,,,,,,,High-transparency TCOs for optoelectronic devices,,
Y interstitial-doped In2O3,In2O3,,,,,,,,,,,,,,,,,,,,,,,,,,,,Photocatalytic and photoelectric applications,,
CsPb0.875Cu0.125Br3,CsPbBr3,,,,,,,,,,,,,,,,,,,,,,,,,,,,Absorber layer in perovskite solar cells,High charge carrier mobility and strong light absorption,
CsPb0.25Cu0.75Br3,CsPbBr3,,,,,,,,,,,,,,,,,,,,,,,,,,,,Hole transport layer in perovskite solar cells,Significantly higher hole mobility than electron mobility,
Undoped In2O3,In2O3,,,,,,,RF magnetron sputtering,,Quartz,,,,"230 nm (FESEM), 228.75 nm (ellipsometry)",,,,,,,,,,,,,,,Transparent conductive electrodes,,
Nb-doped In2O3 (1 wt% Nb2O5),In2O3,,,,,,,RF magnetron sputtering,,Quartz,,,,"216 nm (FESEM), 212.67 nm (ellipsometry)",,,,,,,,,,,,,,,Transparent conductive electrodes,,
Nb-doped In2O3 (2 wt% Nb2O5),In2O3,,,,,,,RF magnetron sputtering,,Quartz,,,,"225 nm (FESEM), 217.78 nm (ellipsometry)",,,,,,,,,,,,,,,Transparent conductive electrodes,,
Nb-doped In2O3 (3 wt% Nb2O5),In2O3,,,,,,,RF magnetron sputtering,,Quartz,,,,"270 nm (FESEM), 266.78 nm (ellipsometry)",,,,,,,,,,,,,,,Transparent conductive electrodes,,
Nb-doped In2O3 (5 wt% Nb2O5),In2O3,,,,,,,RF magnetron sputtering,,Quartz,,,,"200 nm (FESEM), 193.20 nm (ellipsometry)",,,,,,,,,,,,,,,Transparent conductive electrodes,,
Nb-doped In2O3 (7 wt% Nb2O5),In2O3,,,,,,,RF magnetron sputtering,,Quartz,,,,"195 nm (FESEM), 191.83 nm (ellipsometry)",,,,,,,,,,,,,,,Transparent conductive electrodes,,
In2O3:H (Hydrogen-doped),In2O3,,,,,,,Magnetron Sputtering (MS) / Reactive Plasma Deposition (RPD),,SiO2/Si substrates,250°C,N2,,~60 nm,,,,,,,,,,,,,,,Transparent electrodes for silicon heterojunction solar cells,Reduces optical loss and In usage in solar cells,
"In2O3:Ce,H (Cerium and Hydrogen co-doped)",In2O3,,,"[{""Element"": ""H"", ""Concentration_text"": ""Interstitial doping""}]",,,,MS/RPD,,SiO2/Si substrates,250°C,N2,,~60 nm,,,,,,,,,,,,,,,High-efficiency solar cells and near-infrared sensors,,
"In2O3:W,H (Tungsten and Hydrogen co-doped)",In2O3,,,"[{""Element"": ""H"", ""Concentration_text"": ""Interstitial doping""}]",,,,RPD,,SiO2/Si substrates,250°C,N2,,~60 nm,,,,,,,,,,,,,,,,,
"In2O3:Sn,H (Tin and Hydrogen co-doped)",In2O3,,,"[{""Element"": ""H"", ""Concentration_text"": ""Interstitial doping""}]",,,,MS/RPD,,SiO2/Si substrates,250°C,N2,,,,,,,,,,,,,,,,,,,
"In2O3:Ga,Ti,Zr,H (Multielement-doped)",In2O3,,,"[{""Element"": ""Ga"", ""Concentration_text"": ""<1 wt.% Ga2O3""}, {""Element"": ""Ti"", ""Concentration_text"": ""<1 wt.% TiO2""}, {""Element"": ""H"", ""Concentration_text"": ""Interstitial doping""}]",,,,MS,,,,,,,,,,,,,,,,,,,,,,,
W-doped In2O3,In2O3,,,,,,,"Magnetron co-sputtering (RF for In2O3, DC for W)",,Glass,650°C,N2,,70–180 nm (optical profilometry),,,,,,,,,,,,,,,NIR-transparent conductors for optoelectronics,,
Zr-doped In2O3,In2O3,,,,,,,"Magnetron co-sputtering (RF for In2O3, DC for Zr)",,Glass,650°C,N2,,70–180 nm (optical profilometry),,,,,,,,,,,,,,,NIR-transparent conductors for optoelectronics,,
Mo-doped In2O3,In2O3,,,,,,,"Magnetron co-sputtering (RF for In2O3, DC for Mo)",,Glass,650°C,N2,,70–180 nm (optical profilometry),,,,,,,,,,,,,,,NIR-transparent conductors for optoelectronics,,
Ti-doped In2O3,In2O3,,,,,,,"Magnetron co-sputtering (RF for In2O3, DC for Ti)",,Glass,650°C,N2,,70–180 nm (optical profilometry),,,,,,,,,,,,,,,NIR-transparent conductors for optoelectronics,,
ITO (In2O3:Sn),In2O3,,,,,,,Sputtering,,Glass,,,,,,,,,,,,,,,,,,,"Conventional transparent electrodes (displays, solar cells)",,
Eu-doped In2O3 (EIO) deposited at 25°C,In2O3,,,,,,,RF Magnetron Sputtering,,glass,,,,,,,,,,,,,,,,,,,Transparent conducting electrodes,,
Eu-doped In2O3 (EIO) deposited at 100°C,In2O3,,,,,,,RF Magnetron Sputtering,,glass,,,,,,,,,,,,,,,,,,,Transparent conducting electrodes,,
Eu-doped In2O3 (EIO) deposited at 200°C,In2O3,,,,,,,RF Magnetron Sputtering,,glass,,,,,,,,,,,,,,,,,,,Transparent conducting electrodes,,
Eu-doped In2O3 (EIO) deposited at 300°C,In2O3,,,,,,,RF Magnetron Sputtering,,glass,,,,,,,,,,,,,,,,,,,Transparent conducting electrodes,,
Eu-doped In2O3 (EIO) deposited at 400°C,In2O3,,,,,,,RF Magnetron Sputtering,,glass,,,,,,,,,,,,,,,,,,,Transparent conducting electrodes,,
In2O3 single crystal (undoped),In2O3,,,,,,,Chemical vapor transport,,,,,,,,,,,,,,,,,,,,,,,
Gd-doped In2O3 (2 at.% Gd),In2O3,,,,,,,Pulsed Laser Deposition (PLD),,quartz substrate,,,,approximately 100 nm (measured by AFM),,,,,,,,,,,,,,,"Optoelectronic devices (LEDs, solar cells, transparent electrodes)",,
Hf-doped In2O3 (IHFO),In2O3,,,,,,,Radio frequency magnetron sputtering,,Quartz or polished silicon substrates,230°C,Air,,"807 nm (optimal sample), 80 nm (device application)",,,,,,,,,,,,,,,Contacting layer for amorphous silicon germanium thin film solar cells,Efficiency improvement of 0.35% with Jsc increase,
Zr-doped In2O3 (5 wt.% ZrO2),In2O3,,,,,,,RF magnetron sputtering,,glass and a-Si(p)/aSi(i)/glass substrates,200°C,air,,60 ±5 nm,,,,,,,,,,,,,,,Transparent electrodes for silicon heterojunction solar cells,,
Zr-doped In2O3 (0.3-0.5 at.%),In2O3,,,,,,,Combinatorial pulsed laser deposition,,111 yttria-stabilized zirconia (YSZ),,,,250 nm,,,,,,,,,,,,,,,Tandem-structure photovoltaics with sensitivity in a wide spectral region,,
Sn-doped In2O3 (ITO),In2O3,,,,,,,Combinatorial pulsed laser deposition,,111 yttria-stabilized zirconia (YSZ),,,,250 nm,,,,,,,,,,,,,,,,,
"W, Mo, Ti, Zr, Ga-doped In2O3 (0.5% O2)",In2O3,,,"[{""Element"": ""Mo"", ""Concentration_text"": ""0.5 wt.% MoO3""}, {""Element"": ""Ti"", ""Concentration_text"": ""0.6 wt.% TiO2""}, {""Element"": ""Zr"", ""Concentration_text"": ""1.0 wt.% ZrO2""}, {""Element"": ""Ga"", ""Concentration_text"": ""0.6 wt.% Ga2O3""}]",,,,DC magnetron sputtering,,Corning 7059 glass,200°C,Air,,approximately 110 nm,,,,,,,,,,,,,,,Advanced optoelectronic devices requiring high transparency in near-infrared region,,
"W, Mo, Ti, Zr, Ga-doped In2O3 (1% O2)",In2O3,,,"[{""Element"": ""Mo"", ""Concentration_text"": ""0.5 wt.% MoO3""}, {""Element"": ""Ti"", ""Concentration_text"": ""0.6 wt.% TiO2""}, {""Element"": ""Zr"", ""Concentration_text"": ""1.0 wt.% ZrO2""}, {""Element"": ""Ga"", ""Concentration_text"": ""0.6 wt.% Ga2O3""}]",,,,DC magnetron sputtering,,Corning 7059 glass,200°C,Air,,approximately 110 nm,,,,,,,,,,,,,,,Advanced optoelectronic devices requiring high transparency in near-infrared region,,
"W, Mo, Ti, Zr, Ga-doped In2O3 (2% O2)",In2O3,,,"[{""Element"": ""Mo"", ""Concentration_text"": ""0.5 wt.% MoO3""}, {""Element"": ""Ti"", ""Concentration_text"": ""0.6 wt.% TiO2""}, {""Element"": ""Zr"", ""Concentration_text"": ""1.0 wt.% ZrO2""}, {""Element"": ""Ga"", ""Concentration_text"": ""0.6 wt.% Ga2O3""}]",,,,DC magnetron sputtering,,Corning 7059 glass,200°C,Air,,approximately 110 nm,,,,,,,,,,,,,,,Advanced optoelectronic devices requiring high transparency in near-infrared region,,
"W, Mo, Ti, Zr, Ga-doped In2O3 (3% O2)",In2O3,,,"[{""Element"": ""Mo"", ""Concentration_text"": ""0.5 wt.% MoO3""}, {""Element"": ""Ti"", ""Concentration_text"": ""0.6 wt.% TiO2""}, {""Element"": ""Zr"", ""Concentration_text"": ""1.0 wt.% ZrO2""}, {""Element"": ""Ga"", ""Concentration_text"": ""0.6 wt.% Ga2O3""}]",,,,DC magnetron sputtering,,Corning 7059 glass,200°C,Air,,approximately 110 nm,,,,,,,,,,,,,,,Advanced optoelectronic devices requiring high transparency in near-infrared region,,
"W, Mo, Ti, Zr, Ga-doped In2O3 (4% O2)",In2O3,,,"[{""Element"": ""Mo"", ""Concentration_text"": ""0.5 wt.% MoO3""}, {""Element"": ""Ti"", ""Concentration_text"": ""0.6 wt.% TiO2""}, {""Element"": ""Zr"", ""Concentration_text"": ""1.0 wt.% ZrO2""}, {""Element"": ""Ga"", ""Concentration_text"": ""0.6 wt.% Ga2O3""}]",,,,DC magnetron sputtering,,Corning 7059 glass,200°C,Air,,approximately 110 nm,,,,,,,,,,,,,,,Advanced optoelectronic devices requiring high transparency in near-infrared region,,
Sn-doped In2O3 (ITO),In2O3,,,,,,,DC magnetron sputtering,,Corning 7059 glass,200°C,Air,,,,,,,,,,,,,,,,,Transparent conductive electrodes,,
Zr-doped In2O3 (5 wt% ZrO2) at r(O2)=1%,In2O3,,,,,,,RF magnetron sputtering,,glass,200°C,air,,60 nm,,,,,,,,,,,,,,,Transparent electrodes for solar cells,,
Zr-doped In2O3 (5 wt% ZrO2) at r(O2)=2%,In2O3,,,,,,,RF magnetron sputtering,,glass,200°C,air,,60 nm,,,,,,,,,,,,,,,High-mobility transparent conductive oxides,,
"Cerium and hydrogen co-doped indium oxide (In2O3:Ce,H)",In2O3,,,"[{""Element"": ""H"", ""Concentration_text"": ""H2O partial pressure of 10^-4 Pa during sputtering""}]",,,,RF magnetron sputtering,,"glass, SiO2-coated Si, textured SHJ precursors",200°C,N2 or ambient air,,"~105 nm (planar substrates), ~75 nm effective thickness (textured SHJ)",,,,,,,,,,,,,,,Transparent conductive oxide layers in silicon heterojunction solar cells,0.6 mA/cm² gain in short-circuit current density compared to ITO baseline,
Tin-doped indium oxide (ITO),In2O3,,,,,,,Sputtering,,,160°C,Air,,,,,,,,,,,,,,,,,Baseline transparent conductive oxide for silicon heterojunction solar cells,,
Hydrogen-doped indium oxide (In2O3:H),In2O3,,,,,,,RF magnetron sputtering,,,200°C,N2,,,,,,,,,,,,,,,,,,,
Cerium-doped hydrogenated indium oxide (ICO:H) with 1.0% H2,In2O3,,,"[{""Element"": ""H"", ""Concentration_text"": ""1.3 at.%""}]",,,,Ion-plating with dc arc discharge,,Corning Eagle XG glass,200°C,Air,,100 nm,,,,,,,,,,,,,,,Solar cells,,
Cerium-doped indium oxide (ICO),In2O3,,,,,,,Ion-plating with dc arc discharge,,Corning Eagle XG glass,200°C,Air,,100 nm,,,,,,,,,,,,,,,Solar cells,,
Hydrogenated indium oxide (IO:H) with 1.0% H2,In2O3,,,,,,,Ion-plating with dc arc discharge,,Corning Eagle XG glass,200°C,Air,,100 nm,,,,,,,,,,,,,,,,,
Cr-doped In2O3 (Oxygen pressure: 7.5 × 10^-6 Torr),In2O3,,,,,,,Pulsed Laser Deposition (PLD),,Quartz,,,,,,,,,,,,,,,,,,,Dilute magnetic semiconductors for spintronic applications,,
Cr-doped In2O3 (Oxygen pressure: 7.5 × 10^-5 Torr),In2O3,,,,,,,Pulsed Laser Deposition (PLD),,Quartz,,,,,,,,,,,,,,,,,,,Dilute magnetic semiconductors for spintronic applications,,
Cr-doped In2O3 (Oxygen pressure: 7.5 × 10^-4 Torr),In2O3,,,,,,,Pulsed Laser Deposition (PLD),,Quartz,,,,,,,,,,,,,,,,,,,Dilute magnetic semiconductors for spintronic applications,,
Cr-doped In2O3 (Oxygen pressure: 7.5 × 10^-3 Torr),In2O3,,,,,,,Pulsed Laser Deposition (PLD),,Quartz,,,,,,,,,,,,,,,,,,,Dilute magnetic semiconductors for spintronic applications,,
Hf-doped In2O3 (IHFO),In2O3,,,,,,,RF magnetron sputtering,,quartz or polished silicon substrates,230°C,air,,807 nm (measured by surface profiler),,,,,,,,,,,,,,,Contact layer in amorphous silicon germanium (a-SiGe) solar cells,Efficiency increased by 0.35% with Jsc improvement,
P-doped In2O3 (0% P),In2O3,,,,,,,Aqueous solution spin coating,,Si/SiO2 substrates,300°C,Ambient air,,~6 nm,,,,,,,,,,,,,,,"Thin-film transistors (TFTs) for flat-panel displays, biosensors, photodetectors, memory, and neuromorphic devices","Mobility: 16.2 cm²/V·s, On/Off ratio: 3.8×10³, Threshold voltage: -0.57 V, Subthreshold swing: 2.52 V/dec, Trap density: 8.6×10¹² cm⁻²·eV⁻¹",
P-doped In2O3 (3% P),In2O3,,,,,,,Aqueous solution spin coating,,Si/SiO2 substrates,300°C,Ambient air,,~6 nm,,,,,,,,,,,,,,,"Thin-film transistors (TFTs) for flat-panel displays, biosensors, photodetectors, memory, and neuromorphic devices","Mobility: 10.8 cm²/V·s, On/Off ratio: 3.1×10⁵, Threshold voltage: 1.98 V, Subthreshold swing: 0.97 V/dec, Trap density: 2.9×10¹² cm⁻²·eV⁻¹",
P-doped In2O3 (6% P),In2O3,,,,,,,Aqueous solution spin coating,,Si/SiO2 substrates,300°C,Ambient air,,~6 nm,,,,,,,,,,,,,,,"Thin-film transistors (TFTs) for flat-panel displays, biosensors, photodetectors, memory, and neuromorphic devices","Mobility: 6.33 cm²/V·s, On/Off ratio: 1.1×10⁸, Threshold voltage: 2.97 V, Subthreshold swing: 0.60 V/dec, Trap density: 1.4×10¹² cm⁻²·eV⁻¹",
P-doped In2O3 (9% P),In2O3,,,,,,,Aqueous solution spin coating,,Si/SiO2 substrates,300°C,Ambient air,,~6 nm,,,,,,,,,,,,,,,"Thin-film transistors (TFTs) for flat-panel displays, biosensors, photodetectors, memory, and neuromorphic devices","Mobility: 3.52 cm²/V·s, On/Off ratio: 6.4×10⁷, Threshold voltage: 3.27 V, Subthreshold swing: 0.55 V/dec, Trap density: 1.2×10¹² cm⁻²·eV⁻¹",
Mo-doped In2O3 (1 mol.% Mo/In),In2O3,,,,,,,Aerosol Assisted Chemical Vapour Deposition (AACVD),,Silica coated float glass (50 nm SiO2 barrier layer),,,,610 nm,,,,,,,,,,,,,,,Transparent conducting oxides requiring NIR transparency,,
Mo-doped In2O3 (2 mol.% Mo/In),In2O3,,,,,,,Aerosol Assisted Chemical Vapour Deposition (AACVD),,Silica coated float glass (50 nm SiO2 barrier layer),,,,650 nm,,,,,,,,,,,,,,,High mobility transparent electrodes,,
Sn-doped In2O3 (2 mol.% Sn/In),In2O3,,,,,,,Aerosol Assisted Chemical Vapour Deposition (AACVD),,Silica coated float glass (50 nm SiO2 barrier layer),,,,680 nm,,,,,,,,,,,,,,,,,
Undoped In2O3,In2O3,,,,,,,Aerosol Assisted Chemical Vapour Deposition (AACVD),,Silica coated float glass (50 nm SiO2 barrier layer),,,,700 nm,,,,,,,,,,,,,,,,,
Undoped In2O3,In2O3,,,,,,,Aerosol Assisted Chemical Vapour Deposition (AACVD),,Silica coated float glass (50 nm SiO2 barrier layer),,,,700 nm,,,,,,,,,,,,,,,NIR-transparent conducting oxide applications,,
Mo-doped In2O3 (1 mol.% Mo),In2O3,,,,,,,Aerosol Assisted Chemical Vapour Deposition (AACVD),,Silica coated float glass (50 nm SiO2 barrier layer),,,,610 nm,,,,,,,,,,,,,,,,,
Mo-doped In2O3 (2 mol.% Mo),In2O3,,,,,,,Aerosol Assisted Chemical Vapour Deposition (AACVD),,Silica coated float glass (50 nm SiO2 barrier layer),,,,650 nm,,,,,,,,,,,,,,,,,
Mo-doped In2O3 (5 mol.% Mo),In2O3,,,,,,,Aerosol Assisted Chemical Vapour Deposition (AACVD),,Silica coated float glass (50 nm SiO2 barrier layer),,,,680 nm,,,,,,,,,,,,,,,,,
Sn-doped In2O3 (2 mol.% Sn),In2O3,,,,,,,Aerosol Assisted Chemical Vapour Deposition (AACVD),,Silica coated float glass (50 nm SiO2 barrier layer),,,,680 nm,,,,,,,,,,,,,,,,,
"Ti, Zr, Ga-codoped In2O3 (ITGZO) deposited at 70°C",In2O3,,,"[{""Element"": ""Zr"", ""Concentration_text"": ""0.5 wt% ZrO2""}, {""Element"": ""Ga"", ""Concentration_text"": ""0.5 wt% Ga2O3""}]",,,,RF magnetron sputtering,,Corning7059 glass,200°C,Air,,80 nm,,,,,,,,,,,,,,,"Optoelectronic devices (e.g., solar cells) as ITO substitute",,
"Ti, Zr, Ga-codoped In2O3 (ITGZO) deposited at RT (200°C annealed)",In2O3,,,"[{""Element"": ""Zr"", ""Concentration_text"": ""0.5 wt% ZrO2""}, {""Element"": ""Ga"", ""Concentration_text"": ""0.5 wt% Ga2O3""}]",,,,RF magnetron sputtering,,Corning7059 glass,200°C,Air,,80 nm,,,,,,,,,,,,,,,,,
"Ti, Zr, Ga-codoped In2O3 (ITGZO) deposited at RT (350°C annealed)",In2O3,,,"[{""Element"": ""Zr"", ""Concentration_text"": ""0.5 wt% ZrO2""}, {""Element"": ""Ga"", ""Concentration_text"": ""0.5 wt% Ga2O3""}]",,,,RF magnetron sputtering,,Corning7059 glass,350°C,Air,,80 nm,,,,,,,,,,,,,,,,,
Ga and Ti co-doped In2O3 (0 sccm O2),In2O3,,,"[{""Element"": ""Ti"", ""Concentration_text"": ""1 wt% TiO2""}]",,,,DC Magnetron Sputtering,,Cyclic olefin copolymer (COP),,,,100 nm,,,,,,,,,,,,,,,Flexible electrodes for thin film heaters (TFHs) and flexible touch screen panels (FTSPs),TFH achieved saturated temperature of 78.6°C at 8 V; FTSP showed stable touch sensitivity when bent,
Ga and Ti co-doped In2O3 (0.1 sccm O2),In2O3,,,"[{""Element"": ""Ti"", ""Concentration_text"": ""1 wt% TiO2""}]",,,,DC Magnetron Sputtering,,Cyclic olefin copolymer (COP),,,,100 nm,,,,,,,,,,,,,,,,,
Ga and Ti co-doped In2O3 (0.5 sccm O2),In2O3,,,"[{""Element"": ""Ti"", ""Concentration_text"": ""1 wt% TiO2""}]",,,,DC Magnetron Sputtering,,Cyclic olefin copolymer (COP),,,,100 nm,,,,,,,,,,,,,,,,,
"Ti-doped In2O3 (co-sputtered, 400°C)",In2O3,,,,,,,Partial reactive co-sputtering,,Fused silica,,,,300-400 nm,,,,,,,,,,,,,,,Transparent conductive electrodes for solar cells and displays,,
"Ti-doped In2O3 (co-sputtered, 200°C)",In2O3,,,,,,,Partial reactive co-sputtering,,,,,,300-400 nm,,,,,,,,,,,,,,,,,
Ti-doped In2O3 (2 mol.% Ti target),In2O3,,,,,,,Magnetron sputtering,,,,,,,,,,,,,,,,,,,,,,,
Ti-doped In2O3 (5 mol.% Ti target),In2O3,,,,,,,Magnetron sputtering,,,,,,,,,,,,,,,,,,,,,,,
ITiO deposited by RF Magnetron Sputtering at 1 mTorr,In2O3,,,,,,,RF Magnetron Sputtering,,soda-lime glass,,,,200 nm,,,,,,,,,,,,,,,Tandem or multiple junction solar cells,,
ITiO deposited by RF Magnetron Sputtering at 5 mTorr,In2O3,,,,,,,RF Magnetron Sputtering,,soda-lime glass,,,,200 nm,,,,,,,,,,,,,,,,,
ITiO deposited by RF Magnetron Sputtering at 10 mTorr,In2O3,,,,,,,RF Magnetron Sputtering,,soda-lime glass,,,,200 nm,,,,,,,,,,,,,,,,,
ITiO deposited by PDC Magnetron Sputtering at 1 mTorr,In2O3,,,,,,,PDC Magnetron Sputtering,,soda-lime glass,,,,200 nm,,,,,,,,,,,,,,,Tandem or multiple junction solar cells,,
ITiO deposited by PDC Magnetron Sputtering at 5 mTorr,In2O3,,,,,,,PDC Magnetron Sputtering,,soda-lime glass,,,,200 nm,,,,,,,,,,,,,,,,,
ITiO deposited by PDC Magnetron Sputtering at 10 mTorr,In2O3,,,,,,,PDC Magnetron Sputtering,,soda-lime glass,,,,200 nm,,,,,,,,,,,,,,,,,
"W-doped In2O3 (7.0 wt.% WO3 target, 3.3 at.% W)",In2O3,,,,,,,d.c. magnetron sputtering,,quartz glass substrate or fused silica glass substrate,,,,400-600 nm,,,,,,,,,,,,,,,,,
"W-doped In2O3 (5.0 wt.% WO3 target, 2.2 at.% W)",In2O3,,,,,,,d.c. magnetron sputtering,,quartz glass substrate or fused silica glass substrate,,,,400 nm,,,,,,,,,,,,,,,"Transparent electrodes for solar cells and optical communication devices (e.g., optical modulators, switches)",,
Tungsten-doped indium oxide (IWO) (0.5 wt% WO3),In2O3,,,,,,,Reactive Plasma Deposition (RPD),,Ultra-clean glass,200°C,N2,,180 nm,,,,,,,,,,,,,,,Transparent electrode for perovskite solar cells,Champion device achieved 23.64% power conversion efficiency (PCE) with JSC of 26.2 mA/cm²,
Tin-doped indium oxide (ITO) (10 wt% SnO2),In2O3,,,,,,,,,,,,,180 nm,,,,,,,,,,,,,,,Conventional transparent electrode for perovskite solar cells,Lower performance compared to IWO-based devices (PCE improvement of 15.2% observed in IWO devices),
IWO (Indium Tungsten Oxide),In2O3,,,,,,,Direct current magnetron sputtering,,,,,,200-600 nm,,,,,,,,,,,,,,,Top electrode in perovskite solar cells,"15.28% efficiency at 0.4 Pa, 15.18% at 600 nm thickness, 14.85% at 600 W",
ITO (Indium Tin Oxide),In2O3,,,,,,,Direct current magnetron sputtering,,,,,,200-600 nm,,,,,,,,,,,,,,,Top electrode in perovskite solar cells,"14.90% efficiency at 0.4 Pa, 14.8% at 600 nm thickness, 14.81% at 600 W",
Zr-doped In2O3 (IZRO) as-deposited,In2O3,,,,,,,RF sputtering,,soda-lime glass,,,,100 nm,,,,,,,,,,,,,,,Transparent electrodes for perovskite-based tandem solar cells,,
Zr-doped In2O3 (IZRO) annealed,In2O3,,,,,,,RF sputtering,,soda-lime glass,200°C,ambient air,,100 nm,,,,,,,,,,,,,,,Transparent electrodes for perovskite-based tandem solar cells,Four-terminal perovskite/silicon tandem PCE improved from 23.3% to 26.2%,
Molybdenum-doped In2O3 (IMO) (3 wt% Mo),In2O3,,,,,,,Reactive DC Magnetron Sputtering,,Normal glass substrate,,,,~130 nm (measured by stylus profilometer and calculated from spectral transmission),,,,,,,,,,,,,,,Next-generation transparent conductive oxide films for transparent electronics,,
Ta-doped In2O3 (5 at.%),In2O3,,,,,,,RF magnetron sputtering,,Corning #1737 glass,,,,,,,,,,,,,,,,,,,TFT-LCDs and photovoltaic cells,,
In2O3:H2O (As-deposited amorphous),In2O3,,,,,,,RF Magnetron Sputtering with H2O vapor,,Corning Eagle XG glass,,,,~150 nm,,,,,,,,,,,,,,,Precursor for high-mobility In2O3:H after annealing,,
Molybdenum-doped indium oxide (IMoO) on mica,In2O3,,,,,,,Pulsed Laser Deposition (PLD),,fluorophlogopite mica (001),,,,100 nm,,,,,,,,,,,,,,,Flexible optoelectronic and spintronic applications,"Room-temperature ferromagnetism, high bending stability (10,000 cycles at 0.25% strain)",
Sn-doped In2O3 (ITO),In2O3,,,,,,,,,,,,,,,,,,,,,,,,,,,,Transparent electrodes for flat-panel displays and solar cells,,
In2O3 single crystal (CVT),In2O3,,,,,,,Chemical Vapor Transport (CVT),,,,,,,,,,,,,,,,,,,,,,,
In2O3 single crystal (LASSCGM),In2O3,,,,,,,Levitation-Assisted Self-Seeding Crystal Growth Method (LASSCGM),,,,,,,,,,,,,,,,,,,,,,,
Epitaxial In2O3 on YSZ substrate,In2O3,,,,,,,Oxygen Plasma-Assisted MBE,,Y-stabilized ZrO2 (YSZ),,,,,,,,,,,,,,,,,,,High-mobility TCOs for advanced electronic devices,,
Mg-doped In2O3,In2O3,,,,,,,Plasma-Assisted MBE,,,,,,,,,,,,,,,,,,,,,,,
In-B-O (10% B),In2O3,,,,,,,Spin-coating,,SiO2/Si,350°C,Air,,~10 nm,,,,,,,,,,,,,,,Thin-film transistors (TFTs),"Mobility ~8 cm²/(V s), on/off current ratio ~10^6, subthreshold swing 0.86 V/dec",
In-B-O/ZrO2 (10% B),In2O3,,,,,,,Spin-coating,,ZrO2/P++ Si,350°C,Air,,~10 nm,,,,,,,,,,,,,,,Thin-film transistors (TFTs) with high-K dielectric,"Mobility ~11 cm²/(V s), on/off current ratio ~10^5, subthreshold swing 0.19 V/dec, low operating voltage 5 V",
Undoped In2O3 annealed at 300°C,In2O3,,,,,,,Spin-coating,,Glass with anodized Nd:AlOx gate dielectric,300°C,Air,,,,,,,,,,,,,,,,,Thin-film transistors,Exhibited poor NBIS stability with large ΔVon,
Undoped In2O3 annealed at 350°C,In2O3,,,,,,,Spin-coating,,Glass with anodized Nd:AlOx gate dielectric,350°C,Air,,,,,,,,,,,,,,,,,Thin-film transistors,Exhibited poor NBIS stability with large ΔVon,
Undoped In2O3 annealed at 400°C,In2O3,,,,,,,Spin-coating,,Glass with anodized Nd:AlOx gate dielectric,400°C,Air,,,,,,,,,,,,,,,,,Thin-film transistors,Exhibited poor NBIS stability with large ΔVon,
Pr-doped In2O3 (5 mol%) annealed at 300°C,In2O3,,,,,,,Spin-coating,,Glass with anodized Nd:AlOx gate dielectric,300°C,Air,,,,,,,,,,,,,,,,,Thin-film transistors,Improved NBIS stability compared to undoped In2O3,
Pr-doped In2O3 (5 mol%) annealed at 350°C,In2O3,,,,,,,Spin-coating,,Glass with anodized Nd:AlOx gate dielectric,350°C,Air,,,,,,,,,,,,,,,,,Thin-film transistors,Improved NBIS stability compared to undoped In2O3,
Pr-doped In2O3 (5 mol%) annealed at 400°C,In2O3,,,,,,,Spin-coating,,Glass with anodized Nd:AlOx gate dielectric,400°C,Air,,,,,,,,,,,,,,,,,Thin-film transistors,Improved NBIS stability compared to undoped In2O3,
Tb-doped In2O3 (5 mol%) annealed at 300°C,In2O3,,,,,,,Spin-coating,,Glass with anodized Nd:AlOx gate dielectric,300°C,Air,,,,,,,,,,,,,,,,,Thin-film transistors,Superior NBIS stability compared to Pr:In2O3,
Tb-doped In2O3 (5 mol%) annealed at 350°C,In2O3,,,,,,,Spin-coating,,Glass with anodized Nd:AlOx gate dielectric,350°C,Air,,,,,,,,,,,,,,,,,Thin-film transistors,Superior NBIS stability compared to Pr:In2O3,
Tb-doped In2O3 (5 mol%) annealed at 400°C,In2O3,,,,,,,Spin-coating,,Glass with anodized Nd:AlOx gate dielectric,400°C,Air,,,,,,,,,,,,,,,,,Thin-film transistors,Superior NBIS stability compared to Pr:In2O3,
Mo-doped In2O3 (IMO),In2O3,,,,,,,,,,,,,,,,,,,,,,,,,,,,,,
Zr-doped In2O3,In2O3,,,,,,,,,,,,,,,,,,,,,,,,,,,,,,
Hf-doped In2O3,In2O3,,,,,,,,,,,,,,,,,,,,,,,,,,,,,,
Ta-doped In2O3,In2O3,,,,,,,,,,,,,,,,,,,,,,,,,,,,,,
Nb-doped In2O3,In2O3,,,,,,,,,,,,,,,,,,,,,,,,,,,,,,
W-doped In2O3,In2O3,,,,,,,,,,,,,,,,,,,,,,,,,,,,,,
In2O3:H (IOH) - Vacuum Annealed,In2O3,,,,,,,RF Magnetron Sputtering (13.56 MHz),,Unheated substrates (glass mentioned for some samples),180°C,Vacuum,,70 nm (measured by spectroscopic ellipsometry),,,,,,,,,,,,,,,Transparent conductive electrodes for photovoltaic devices,Improved electrical properties for solar cell applications,
In2O3:H (IOH) - Air Annealed,In2O3,,,,,,,RF Magnetron Sputtering,,Glass,200°C,Air,,70 nm,,,,,,,,,,,,,,,a-Si:H/c-Si heterojunction solar cells,Increased VOC up to 720 mV compared to vacuum annealing,
In2O3:H (IOH) - Flash Lamp Annealed,In2O3,,,,,,,RF Magnetron Sputtering,,SiOx/a-Si:H/c-Si stack,,Argon (5×10^4 Pa),,155 nm (optimized for XRD measurements),,,,,,,,,,,,,,,Temperature-sensitive photovoltaic devices,Enables crystallization without degrading heat-sensitive layers,
In2O3 (undoped),In2O3,,,,,,,Pulsed Laser Deposition (PLD),,c-Al2O3,,,,,,,,,,,,,,,,,,,Radiation-hard electronic environments,,
In2O3:Mg (0.5% Mg),In2O3,,,,,,,Pulsed Laser Deposition (PLD),,c-Al2O3,,,,,,,,,,,,,,,,,,,,,
In2O3:Sn (10% Sn),In2O3,,,,,,,Pulsed Laser Deposition (PLD),,c-Al2O3,,,,,,,,,,,,,,,,,,,,,
(InGa)2O3 (17.8% Ga),In2O3,,,,,,,Pulsed Laser Deposition (PLD),,c-Al2O3,,,,,,,,,,,,,,,,,,,,,
Ga2O3:Si (1% Si),Ga2O3,,,,,,,Pulsed Laser Deposition (PLD),,c-Al2O3,,,,,,,,,,,,,,,,,,,,,
ZnO (undoped),ZnO,,,,,,,Molecular Beam Epitaxy (MBE),,c-Al2O3,,,,,,,,,,,,,,,,,,,,,
Pure In2O3,In2O3,,,,,,,,,,,,,,,,,,,,,,,,,,,,Transparent conductive materials for optoelectronic devices,,
Sc-doped In2O3 (In1.5Sc0.5O3),In2O3,,,,,,,,,,,,,,,,,,,,,,,,,,,,Transparent conductive materials with increased band gap,,
Y-doped In2O3 (In1.5Y0.5O3),In2O3,,,,,,,,,,,,,,,,,,,,,,,,,,,,Transparent conductive materials with modified optical properties,,
La-doped In2O3 (In1.5La0.5O3),In2O3,,,,,,,,,,,,,,,,,,,,,,,,,,,,Transparent conductive materials with reduced band gap,,
Ac-doped In2O3 (In1.5Ac0.5O3),In2O3,,,,,,,,,,,,,,,,,,,,,,,,,,,,Transparent conductive materials with tailored electronic properties,,
In2O3:Sn (ITO),In2O3,,,,,,,,,,,,,,,,,,,,,,,,,,,,"Transparent conductive electrodes for optoelectronic devices (solar cells, LEDs, displays)",,
Transition metal and H co-doped In2O3 (IMO:H),In2O3,,,"[{""Element"": ""Ce"", ""Concentration_text"": ""0.14 wt% CeO2""}, {""Element"": ""Ta"", ""Concentration_text"": ""0.03 wt% Ta2O5""}, {""Element"": ""H"", ""Concentration_text"": ""1% H2 in sputtering gas""}]",,,,DC sputtering,,"Textured silicon (100) wafers, glass substrates",,,,"80 nm (on solar cells), 115 nm (on glass substrates)",,,,,,,,,,,,,,,Front transparent conductive oxide layer for silicon heterojunction solar cells,Certified solar cell efficiency of 25.26% (274.5 cm² area),
Sn-doped In2O3 (ITO),In2O3,,,,,,,DC sputtering,,"Textured silicon (100) wafers, glass substrates",,,,80 nm,,,,,,,,,,,,,,,Front transparent conductive oxide layer for silicon heterojunction solar cells,Certified solar cell efficiency of 24.78%,
Transition metal-doped In2O3 (IMO:H),In2O3,,,"[{""Element"": ""Ce"", ""Concentration_text"": ""0.14 wt% CeO2""}, {""Element"": ""Ta"", ""Concentration_text"": ""0.03 wt% Ta2O5""}]",,,,DC sputtering,,Textured silicon (100) wafers and glass substrates,,,,80 nm (in solar cell structure),,,,,,,,,,,,,,,Front transparent conductive oxide layer in silicon heterojunction solar cells,Certified power conversion efficiency of 25.26% (total area 274.5 cm²) with Jsc exceeding 40 mA/cm²,
Sn-doped In2O3 (ITO),In2O3,,,,,,,DC sputtering,,Textured silicon (100) wafers and glass substrates,,,,80 nm (in solar cell structure),,,,,,,,,,,,,,,Front transparent conductive oxide layer in conventional SHJ solar cells,Certified efficiency of 24.78% prior to optimization,
"Ce and H co-doped In2O3 (2 wt% CeO2, N2 annealed)",In2O3,,,"[{""Element"": ""H"", ""Concentration_text"": ""from H2O partial pressure (1e-4 Pa)""}]",,,,RF magnetron sputtering,,"Glass, SiO2-coated Si, or textured SHJ precursors",200°C,N2,,"105 nm (planar), 75 nm effective (textured)",,,,,,,,,,,,,,,Silicon heterojunction solar cells,Gain in short circuit current density of 0.6 mA/cm² compared to ITO baseline,
"Ce and H co-doped In2O3 (2 wt% CeO2, air annealed)",In2O3,,,"[{""Element"": ""H"", ""Concentration_text"": ""from H2O partial pressure (1e-4 Pa)""}]",,,,RF magnetron sputtering,,"Glass, SiO2-coated Si, or textured SHJ precursors",200°C,Air,,"105 nm (planar), 75 nm effective (textured)",,,,,,,,,,,,,,,Silicon heterojunction solar cells,,
"Ce and H co-doped In2O3 (1 wt% CeO2, 0.25% O2/Ar)",In2O3,,,"[{""Element"": ""H"", ""Concentration_text"": ""from H2O partial pressure (1e-4 Pa)""}]",,,,RF magnetron sputtering,,Textured SHJ precursors,200°C,N2,,75 nm effective (textured),,,,,,,,,,,,,,,Silicon heterojunction solar cells,Achieved short circuit current density of 39.6 mA/cm²,
ITO (In2O3:Sn),In2O3,,,,,,,Sputtering,,,160°C,Air,,,,,,,,,,,,,,,,,Baseline TCO for silicon heterojunction solar cells,,
"Ce and H co-doped In2O3 (2 wt% CeO2, N2 annealed)",In2O3,,,"[{""Element"": ""H"", ""Concentration_text"": ""from H2O partial pressure (1e-4 Pa) during deposition""}]",,,,RF magnetron sputtering,,"glass, SiO2-coated Si, textured SHJ precursors",200°C,N2,,"105 nm on planar substrates, 75 nm effective on textured SHJ",,,,,,,,,,,,,,,Silicon heterojunction solar cells,Gain in short circuit current density of 0.6 mA/cm²,
"Ce and H co-doped In2O3 (2 wt% CeO2, air annealed)",In2O3,,,"[{""Element"": ""H"", ""Concentration_text"": ""from H2O partial pressure (1e-4 Pa) during deposition""}]",,,,RF magnetron sputtering,,"glass, SiO2-coated Si, textured SHJ precursors",200°C,air,,"105 nm on planar substrates, 75 nm effective on textured SHJ",,,,,,,,,,,,,,,Silicon heterojunction solar cells,,
ITO (10 wt% SnO2),In2O3,,,,,,,RF magnetron sputtering,,,160°C,air,,,,,,,,,,,,,,,,,Baseline TCO for silicon heterojunction solar cells,,
Ge-doped In2O3 (5.5% Ge),In2O3,,,,,,,DC Magnetron Sputtering,,Corning No. 1737 glass,,,,~2200 Å,,,,,,,,,,,,,,,Transparent electrodes for optoelectronic devices,,
"Ge-doped In2O3 (6.0% Ge, amorphous)",In2O3,,,,,,,DC Magnetron Sputtering,,Corning No. 1737 glass,,,,~1400 Å,,,,,,,,,,,,,,,Devices requiring high-etching-rate transparent electrodes,,
"Ge-doped In2O3 (7.0% Ge, amorphous)",In2O3,,,,,,,DC Magnetron Sputtering,,,,,,,,,,,,,,,,,,,,,,,
ITO (9.3% Sn-doped In2O3),In2O3,,,,,,,DC Magnetron Sputtering,,,,,,~1700 Å,,,,,,,,,,,,,,,,,
Ge-doped In2O3 (5.5% Ge),In2O3,,,,,,,DC Magnetron Sputtering,,Corning No. 1737 glass,,,,~2200 Å,,,,,,,,,,,,,,,,,
"Amorphous Ge-doped In2O3 (6.0% Ge, 20°C)",In2O3,,,,,,,DC Magnetron Sputtering,,Corning No. 1737 glass,,,,~1400 Å,,,,,,,,,,,,,,,,,
"Amorphous Ge-doped In2O3 (7.0% Ge, 200°C)",In2O3,,,,,,,DC Magnetron Sputtering,,Corning No. 1737 glass,,,,,,,,,,,,,,,,,,,,,
ITO (9.3% Sn-doped In2O3),In2O3,,,,,,,DC Magnetron Sputtering,,Corning No. 1737 glass,,,,~1700 Å,,,,,,,,,,,,,,,,,
In2O3:W (2.8 wt.%),In2O3,,,,,,,Direct current sputtering method,,glass substrate,,,,Not specified,,,,,,,,,,,,,,,"Flat panel displays, light-related applications",,
"Tungsten-doped indium oxide (IWO) - 40 W, 225°C",In2O3,,,,,,,DC reactive magnetron sputtering,,glass substrate,,,,,,,,,,,,,,,,,,,"Thin-film solar cells, light emitting diodes",,
a-IGZO with Cu/IGZO contact,InGaZnO4,,,,,,,DC Magnetron Sputtering,,SiO2 (100 nm)/Si,400°C,Air,,"50 nm (IGZO), 200 nm (Cu)",,,,,,,,,,,,,,,Thin-film transistors for AMOLED TVs,,
a-IGZO with Cu/Mo/IGZO contact,InGaZnO4,,,,,,,DC Magnetron Sputtering,,SiO2 (100 nm)/Si,400°C,Air,,"50 nm (IGZO), 5 nm (Mo), 200 nm (Cu)",,,,,,,,,,,,,,,Thin-film transistors for AMOLED TVs,,
a-IGZO with Cu/Ti/IGZO contact,InGaZnO4,,,,,,,DC Magnetron Sputtering,,SiO2 (100 nm)/Si,400°C,Air,,"50 nm (IGZO), 5 nm (Ti), 200 nm (Cu)",,,,,,,,,,,,,,,Thin-film transistors for AMOLED TVs,,
a-IGZO with Cu/MoTi/IGZO contact,InGaZnO4,,,,,,,DC Magnetron Sputtering,,SiO2 (100 nm)/Si,400°C,Air,,"50 nm (IGZO), 5 nm (MoTi), 200 nm (Cu)",,,,,,,,,,,,,,,Thin-film transistors for AMOLED TVs,,
Cerium-doped indium oxide (Ce:In2O3),In2O3,,,,,,,Colloidal synthesis,,,,,,,,,,,,,,,,,,,,,"Near-field enhancement applications, SEIRA substrates, transparent conductors",,
"Tin-doped indium oxide (Sn:In2O3, 6.4% Sn)",In2O3,,,,,,,Colloidal synthesis,,,,,,,,,,,,,,,,,,,,,,,
Ce/Sn-codoped In2O3 (1-2% Sn),In2O3,,,"[{""Element"": ""Sn"", ""Concentration_text"": ""1-2%""}]",,,,Colloidal synthesis with co-doping,,,,,,,,,,,,,,,,,,,,,,,
Ta-doped In2O3 (2 wt% Ta2O5),In2O3,,,,,,,DC Magnetron Sputtering,,Corning glass #1737,,,,,,,,,,,,,,,,,,,Low-resistivity TCOs for optoelectronics and other applications,,
Ta-doped In2O3 (5 wt% Ta2O5),In2O3,,,,,,,RF Magnetron Sputtering,,Corning glass #1737,,,,,,,,,,,,,,,,,,,Low-resistivity TCOs for optoelectronics and other applications,,
Ta-doped In2O3 (10 wt% Ta2O5),In2O3,,,,,,,DC Magnetron Sputtering,,Corning glass #1737,,,,,,,,,,,,,,,,,,,Low-resistivity TCOs for optoelectronics and other applications,,
Cr 0 W ITO (0 at.% Cr),In2O3,,,,,,,RF-DC magnetron co-sputtering,,Glass,300°C,Air,,300 nm,,,,,,,,,,,,,,,Transparent electrode for electronic applications,,
Cr 20 W ITO (0.5 at.% Cr),In2O3,,,"[{""Element"": ""Cr"", ""Concentration_text"": ""0.5 at.%""}]",,,,RF-DC magnetron co-sputtering,,Glass,300°C,Air,,300 nm,,,,,,,,,,,,,,,Transparent electrode for electronic applications,,
Cr 30 W ITO (1 at.% Cr),In2O3,,,"[{""Element"": ""Cr"", ""Concentration_text"": ""1 at.%""}]",,,,RF-DC magnetron co-sputtering,,Glass,300°C,Air,,300 nm,,,,,,,,,,,,,,,Transparent electrode with optimal opto-electronic properties,,
Cr 40 W ITO (1.9 at.% Cr),In2O3,,,"[{""Element"": ""Cr"", ""Concentration_text"": ""1.9 at.%""}]",,,,RF-DC magnetron co-sputtering,,Glass,300°C,Air,,300 nm,,,,,,,,,,,,,,,Transparent electrode with high carrier concentration,,
Non-doped In2O3,In2O3,,,,,,,DC Magnetron Sputtering,,quartz glass or fused silica glass,,,,500 nm,,,,,,,,,,,,,,,,,
Ti-doped In2O3 (0.8 at.% Ti),In2O3,,,,,,,DC Magnetron Sputtering,,quartz glass or fused silica glass,,,,500 nm,,,,,,,,,,,,,,,"Electrodes for optical communication devices (e.g., optical modulators, attenuators, switches)",,
Ti-doped In2O3 (1.6 at.% Ti),In2O3,,,,,,,DC Magnetron Sputtering,,quartz glass or fused silica glass,,,,500 nm,,,,,,,,,,,,,,,"Electrodes for optical communication devices (e.g., optical modulators, attenuators, switches)",,
Ti-doped In2O3 (2.4 at.% Ti),In2O3,,,,,,,DC Magnetron Sputtering,,quartz glass or fused silica glass,,,,500 nm,,,,,,,,,,,,,,,"Electrodes for optical communication devices (e.g., optical modulators, attenuators, switches)",,
"Sn-doped In2O3 (ITO, 10 wt.% SnO2)",In2O3,,,,,,,DC Magnetron Sputtering,,,,,,158 nm,,,,,,,,,,,,,,,"Transparent electrodes for LCDs, plasma displays, solar cells",,
Undoped In2O3 (InO),In2O3,,,,,,,Spray pyrolysis,,,550°C,,,,,,,,,,,,,,,,,,Radiation shielding materials,,
5% Boron-doped In2O3 (In5B),In2O3,,,,,,,Spray pyrolysis,,,550°C,,,,,,,,,,,,,,,,,,Radiation shielding materials,,
10% Boron-doped In2O3 (In10B),In2O3,,,,,,,Spray pyrolysis,,,550°C,,,,,,,,,,,,,,,,,,Radiation shielding materials,,
20% Boron-doped In2O3 (In20B),In2O3,,,,,,,Spray pyrolysis,,,550°C,,,,,,,,,,,,,,,,,,Radiation shielding materials,,
W-doped In2O3 (IWO),In2O3,,,,,,,Reactive Plasma Deposition (RPD),,glass,210°C,air,,about 100 nm,,,,,,,,,,,,,,,Copper electroplated silicon heterojunction (C-HJT) solar cells,,
Ce-doped In2O3 (ICO),In2O3,,,,,,,Reactive Plasma Deposition (RPD),,glass,210°C,air,,about 100 nm,,,,,,,,,,,,,,,Copper electroplated silicon heterojunction (C-HJT) solar cells,0.5% relative efficiency enhancement compared to ITO control,
Sn-doped In2O3 (ITO),In2O3,,,,,,,Magnetron Sputtering,,,210°C,air,,80 nm,,,,,,,,,,,,,,,Control sample for C-HJT solar cells,,
Ce-doped In2O3 (ICO) with 3 wt% CeO2 annealed at 210°C for 50 min,In2O3,,,,,,,Reactive Plasma Deposition (RPD),,glass,210°C,air,,~100 nm (measured by ellipsometry),,,,,,,,,,,,,,,Solar cells (improved efficiency compared to ITO),,
Nb-doped ITO (In2O3:Sn:Nb),In2O3,,,"[{""Element"": ""Nb"", ""Concentration_text"": ""0.77 wt%""}]",,,,RF magnetron sputtering,,Corning Eagle 2000 glass,,,,300-310 nm,,,,,,,,,,,,,,,"Optical electronic devices, displays, solar cells",,
ITO (10 wt% SnO2),In2O3,,,,,,,DC Magnetron Sputtering,,Corning E2000 glass,,,,150–160 nm,,,,,,,,,,,,,,,Transparent conductive electrodes for flat panel displays,,
Yb-doped ITO (3 wt% Yb2O3),In2O3,,,"[{""Element"": ""Sn"", ""Concentration_text"": ""10 wt% SnO2""}]",,,,DC Magnetron Sputtering,,Corning E2000 glass,,,,150–160 nm,,,,,,,,,,,,,,,Transparent conductive electrodes for flat panel displays,,
Sm-doped ITO (3 wt% Sm2O3),In2O3,,,"[{""Element"": ""Sn"", ""Concentration_text"": ""10 wt% SnO2""}]",,,,DC Magnetron Sputtering,,Corning E2000 glass,,,,150–160 nm,,,,,,,,,,,,,,,Transparent conductive electrodes for flat panel displays,,
Eu-doped Lu2O3,Lu2O3,,,,,,,,,,,,,,,,,,,,,,,,,,,,Scintillator materials due to site-specific luminescence properties,,
Eu-doped Y2O3,Y2O3,,,,,,,,,,,,,,,,,,,,,,,,,,,,Luminescent materials and radiation-tolerant oxides,,
Yb-doped Y2O3,Y2O3,,,,,,,,,,,,,,,,,,,,,,,,,,,,,,
Gd-doped Y2O3,Y2O3,,,,,,,,,,,,,,,,,,,,,,,,,,,,,,
Eu-doped Sc2O3,Sc2O3,,,,,,,,,,,,,,,,,,,,,,,,,,,,,,
Ho-doped Y2O3,Y2O3,,,,,,,,,,,,,,,,,,,,,,,,,,,,,,
"Mo-doped In2O3 (2 at.%) - Room Temperature, Vacuum",In2O3,,,,,,,Pulsed Laser Deposition (PLD),,quartz,,,,approximately 100 nm (measured by AFM),,,,,,,,,,,,,,,,,
"Mo-doped In2O3 (2 at.%) - 700°C, Vacuum",In2O3,,,,,,,Pulsed Laser Deposition (PLD),,quartz,,,,approximately 100 nm (measured by AFM),,,,,,,,,,,,,,,,,
"Mo-doped In2O3 (2 at.%) - 500°C, 1.0e-3 mbar O2",In2O3,,,,,,,Pulsed Laser Deposition (PLD),,quartz,,,,approximately 100 nm (measured by AFM),,,,,,,,,,,,,,,Transparent conductive electrodes for optoelectronic devices,,
Si-doped (InxGa1−x)2O3 (Monoclinic β-Ga2O3 phase),(InxGa1−x)2O3,,,,,,,Pulsed Laser Deposition (PLD),,c-plane sapphire wafer,,,,,,,,,,,,,,,,,,,"High-power electronic devices, solar-blind UV detectors",,
Si-doped (InxGa1−x)2O3 (Hexagonal InGaO3 phase),(InxGa1−x)2O3,,,,,,,Pulsed Laser Deposition (PLD),,c-plane sapphire wafer,,,,,,,,,,,,,,,,,,,Intermediate phase for heterojunction devices,,
Si-doped (InxGa1−x)2O3 (Bixbyite In2O3 phase),(InxGa1−x)2O3,,,,,,,Pulsed Laser Deposition (PLD),,c-plane sapphire wafer,,,,,,,,,,,,,,,,,,,"Transparent conductive electrodes, gas sensing",,
InPrWO (1 mol% W),In2O3,,,"[{""Element"": ""Pr""}]",,,,,,,350°C,,,,,,,,,,,,,,,,,,High mobility and high stability thin-film transistors,,
"W-doped In2O3 (xfilm=0.028) on fused SiO2 (1 mtorr O2, 400°C)",In2O3,,,,,,,Pulsed Laser Deposition,,GE 124 fused SiO2,,,,300-500 nm,,,,,,,,,,,,,,,High mobility transparent conducting oxides for optoelectronic devices,,
"W-doped In2O3 (xfilm=0.028) on fused SiO2 (4 mtorr O2, 400°C)",In2O3,,,,,,,Pulsed Laser Deposition,,GE 124 fused SiO2,,,,300-500 nm,,,,,,,,,,,,,,,High mobility transparent conducting oxides for optoelectronic devices,,
W-doped In2O3 (xfilm=0.028) on fused SiO2 (525°C),In2O3,,,,,,,Pulsed Laser Deposition,,GE 124 fused SiO2,,,,300-500 nm,,,,,,,,,,,,,,,High mobility transparent conducting oxides for optoelectronic devices,,
W-doped In2O3 (xfilm=0.028) on YSZ (001) (525°C),In2O3,,,,,,,Pulsed Laser Deposition,,single-crystal yttria-stabilized zirconia (001),,,,300-500 nm,,,,,,,,,,,,,,,High mobility transparent conducting oxides for optoelectronic devices,,
ITO:Tb (Tb-doped In2O3:Sn),In2O3,,,"[{""Element"": ""Sn"", ""Concentration_text"": ""10 wt.% SnO2 in target""}]",,,,RF Magnetron Co-Sputtering,,Fused Silica/Si,150-650°C,Air,,~200-350 nm (measured by ellipsometry),,,,,,,,,,,,,,,Luminescent transparent electrodes for optoelectronic devices,,
AZO:Tb (Tb-doped ZnO:Al),ZnO,,,"[{""Element"": ""Al"", ""Concentration_text"": ""2-4 at.%""}]",,,,RF Magnetron Co-Sputtering,,Si/Quartz,200-1000°C,Air/Argon,,~210 nm (measured by ellipsometry),,,,,,,,,,,,,,,Luminescent layers for UV-selective optoelectronics,,
Ce- and H-codoped In2O3 (ICO:H),In2O3,,,"[{""Element"": ""H"", ""Concentration_text"": ""codoped""}]",,,,reactive plasma deposition with dc arc discharge,,,,,,100 nm,,,,,,,,,,,,,,,Si heterojunction solar cells,Improved performance compared to Sn-doped In2O3-based electrodes,
W-doped In2O3 (0.6 at.% W) 5 nm,In2O3,,,,,,,reactive plasma deposition with dc arc discharge,,glass,250°C,vacuum (5×10^-4 Pa),,5 nm,,,,,,,,,,,,,,,,,
W-doped In2O3 (0.6 at.% W) 30 nm,In2O3,,,,,,,reactive plasma deposition with dc arc discharge,,glass,250°C,vacuum (5×10^-4 Pa),,30 nm,,,,,,,,,,,,,,,,,
Tb-doped In2O3 (5 wt.% Tb4O7),In2O3,,,,,,,Magnetron Sputtering,,Glass,400°C,Air,,12 nm (channel layer),,,,,,,,,,,,,,,High-mobility thin-film transistors (TFTs) for next-generation displays,TFTs with on-off current ratio of 10⁸ and improved NBIS stability,
Pure In2O3,In2O3,,,,,,,Magnetron Sputtering,,Glass,400°C,Air,,12 nm (channel layer),,,,,,,,,,,,,,,Reference material for TFT performance comparison,,
Polycrystalline In2O3:W,In2O3,,,,,,,Reactive Plasma Deposition (RPD),,Glass/SiO2/Si,,,,220 nm and 60 nm,,,,,,,,,,,,,,,"Solar cells (superstrate-type), optoelectronic devices requiring high-temperature stability",,
Polycrystalline In2O3:Ce,In2O3,,,,,,,Reactive Plasma Deposition (RPD),,Glass/SiO2/Si,,,,220 nm and 60 nm,,,,,,,,,,,,,,,"Solar cells, high-temperature stable optoelectronic devices",,
Solid-phase crystallized In2O3:H (low H),In2O3,,,,,,,RPD (amorphous) followed by annealing,,Glass/SiO2/Si,250°C,Vacuum,,220 nm and 60 nm,,,,,,,,,,,,,,,"Si heterojunction solar cells, low-temperature process devices",,
"Solid-phase crystallized In2O3:W,H (low H)",In2O3,,,"[{""Element"": ""W"", ""Concentration_text"": ""1 wt% WO3""}]",,,,RPD (amorphous) followed by annealing,,Glass/SiO2/Si,,,,220 nm and 60 nm,,,,,,,,,,,,,,,Solar cells requiring low-temperature processing,,
Solid-phase crystallized In2O3:H (high H),In2O3,,,,,,,RPD (amorphous) followed by annealing,,Glass/SiO2/Si,,,,220 nm and 60 nm,,,,,,,,,,,,,,,Devices requiring encapsulation due to humidity sensitivity,,
Polycrystalline In2O3:W (1 wt% WO3),In2O3,,,,,,,Reactive Plasma Deposition (RPD),,Glass substrates and SiO2/Si,,,,,,,,,,,,,,,,,,,"Solar cells, thin-film transistors, photosensors, light-emitting devices",,
Polycrystalline In2O3:Ce (2 wt% CeO2),In2O3,,,,,,,Reactive Plasma Deposition (RPD),,Glass substrates and SiO2/Si,,,,,,,,,,,,,,,,,,,"Solar cells, thin-film transistors, photosensors, light-emitting devices",,
Solid-phase crystallized In2O3:H (Low H: 1.4–2.0 at%),In2O3,,,,,,,Reactive Plasma Deposition (RPD) without intentional heating,,Glass substrates and SiO2/Si,250°C,Vacuum,,,,,,,,,,,,,,,,,"Silicon heterojunction solar cells, substrate-type thin-film solar cells",,
Solid-phase crystallized In2O3:H (High H: 2.4–3.7 at%),In2O3,,,,,,,Reactive Plasma Deposition (RPD) without intentional heating,,Glass substrates and SiO2/Si,250°C,Vacuum,,,,,,,,,,,,,,,,,Requires encapsulation due to damp heat instability,,
"Solid-phase crystallized In2O3:W,H (1 wt% WO3)",In2O3,,,"[{""Element"": ""H"", ""Concentration_text"": ""1.4–2.0 at%""}]",,,,Reactive Plasma Deposition (RPD) without intentional heating,,Glass substrates and SiO2/Si,250°C,Vacuum,,,,,,,,,,,,,,,,,Solar cells requiring low-temperature processes,,
"Solid-phase crystallized In2O3:Ce,H (2 wt% CeO2)",In2O3,,,"[{""Element"": ""H"", ""Concentration_text"": ""1.4–2.0 at%""}]",,,,Reactive Plasma Deposition (RPD) without intentional heating,,Glass substrates and SiO2/Si,250°C,Vacuum,,,,,,,,,,,,,,,,,Solar cells requiring low-temperature processes,,
TiO2-doped In2O3 (0.5 wt% TiO2),In2O3,,,,,,,Ceramic processing,,,1400°C,Air,,,,,,,,,,,,,,,,,Dense sputtering targets for improved ITO film production,,
TiO2-doped In2O3 (1 wt% TiO2),In2O3,,,,,,,Ceramic processing,,,1400°C,Air,,,,,,,,,,,,,,,,,Dense sputtering targets resistant to erosion,,
Undoped In2O3,In2O3,,,,,,,Ceramic processing,,,1400°C,Air,,,,,,,,,,,,,,,,,Baseline material for sintering studies,,
Undoped In2O3,In2O3,,,,,,,Pulsed Laser Deposition (PLD),,(100) yttria-stabilized zirconia (YSZ),,,,,,,,,,,,,,,,,,,Transparent conductive oxides for optoelectronic devices,,
Mo-doped In2O3 (1 wt% Mo),In2O3,,,,,,,Pulsed Laser Deposition (PLD),,(100) yttria-stabilized zirconia (YSZ),,,,,,,,,,,,,,,,,,,Transparent conductive electrodes,,
Mo-doped In2O3 (2 wt% Mo) on YSZ,In2O3,,,,,,,Pulsed Laser Deposition (PLD),,(100) yttria-stabilized zirconia (YSZ),,,,,,,,,,,,,,,,,,,High-mobility transparent conductive electrodes,,
Mo-doped In2O3 (2 wt% Mo) on glass,In2O3,,,,,,,Pulsed Laser Deposition (PLD),,Corning No. 1737 glass,,,,,,,,,,,,,,,,,,,Transparent conductive coatings,,
Mo-doped In2O3 (4 wt% Mo),In2O3,,,,,,,Pulsed Laser Deposition (PLD),,(100) yttria-stabilized zirconia (YSZ),,,,,,,,,,,,,,,,,,,Transparent conductive oxides,,
Mo-doped In2O3 (4 wt% Mo) via RF sputtering,In2O3,,,,,,,RF magnetron sputtering,,Corning 7059 glass,,,,,,,,,,,,,,,,,,,Transparent conducting oxides for optoelectronic devices,,
Mo-doped In2O3 (2 wt% Mo) via PLD on glass,In2O3,,,,,,,Pulsed Laser Deposition (PLD),,Corning 1737 glass,,,,,,,,,,,,,,,,,,,Transparent conducting oxides for optoelectronic devices,,
Mo-doped In2O3 (2 wt% Mo) via PLD on YSZ,In2O3,,,,,,,Pulsed Laser Deposition (PLD),,YSZ (100) single-crystal,,,,,,,,,,,,,,,,,,,Transparent conducting oxides for optoelectronic devices,,
Mo-doped In2O3 (4 wt% Mo) via PLD on glass,In2O3,,,,,,,Pulsed Laser Deposition (PLD),,Corning 1737 glass,,,,,,,,,,,,,,,,,,,Transparent conducting oxides for optoelectronic devices,,
Mo-doped In2O3 (4 wt% Mo) via PLD on YSZ,In2O3,,,,,,,Pulsed Laser Deposition (PLD),,YSZ (100) single-crystal,,,,,,,,,,,,,,,,,,,Transparent conducting oxides for optoelectronic devices,,
Mo-doped In2O3 (IMO),In2O3,,,,,,,,,,,,,,,,,,,,,,,,,,,,High-performance transparent conductive oxides for optoelectronic devices,,
Zr-doped In2O3,In2O3,,,,,,,,,,,,,,,,,,,,,,,,,,,,Advanced TCOs with improved electron mobility,,
Hf-doped In2O3,In2O3,,,,,,,,,,,,,,,,,,,,,,,,,,,,High-efficiency transparent electrodes,,
Ta-doped In2O3,In2O3,,,,,,,,,,,,,,,,,,,,,,,,,,,,Next-generation TCOs with optimized mobility/carrier balance,,
W-doped In2O3,In2O3,,,,,,,,,,,,,,,,,,,,,,,,,,,,,,
Crystalline ITO (c-ITO),In2O3,,,,,,,Commercial,,,,,,,,,,,,,,,,,,,,,,,
Amorphous SnO2 (8 mTorr pO2),SnO2,,,,,,,Pulsed Laser Deposition (PLD),,,,,,,,,,,,,,,,,,,,,,,
Amorphous SnO2 (10 mTorr pO2),SnO2,,,,,,,Pulsed Laser Deposition (PLD),,,,,,,,,,,,,,,,,,,,,,,
Amorphous SnO2 (12 mTorr pO2),SnO2,,,,,,,Pulsed Laser Deposition (PLD),,,,,,,,,,,,,,,,,,,,,,,
Amorphous SnO2 (14 mTorr pO2),SnO2,,,,,,,Pulsed Laser Deposition (PLD),,,,,,,,,,,,,,,,,,,,,,,
Amorphous SnO2 (16 mTorr pO2),SnO2,,,,,,,Pulsed Laser Deposition (PLD),,,,,,,,,,,,,,,,,,,,,,,
UV/Ozone-treated Amorphous SnO2 (10 mTorr pO2),SnO2,,,,,,,Pulsed Laser Deposition (PLD),,,,,,,,,,,,,,,,,,,,,,,
Amorphous ZTO70 (10 mTorr pO2),SnO2,,,,,,,Pulsed Laser Deposition (PLD),,,,,,,,,,,,,,,,,,,,,,,
Amorphous ZTO90 (10 mTorr pO2),SnO2,,,,,,,Pulsed Laser Deposition (PLD),,,,,,,,,,,,,,,,,,,,,,,
Amorphous IGO2.5 (7.5 mTorr pO2),In2O3,,,,,,,Pulsed Laser Deposition (PLD),,,,,,,,,,,,,,,,,,,,,,,
ZnO-capped ITO (400 cycles ALD),In2O3,,,"[{""Element"": ""Zn"", ""Concentration_text"": ""400 ALD cycles""}]",,,,Atomic Layer Deposition (ALD),,,,,,723 Å,,,,,,,,,,,,,,,Work function adjustment for device applications,,
Zr-doped In2O3 as-deposited (15 nm),In2O3,,,,,,,RF Magnetron Sputtering,,aluminoborosilicate glass,,,,15 nm,,,,,,,,,,,,,,,,,
Zr-doped In2O3 annealed in air (100 nm),In2O3,,,,,,,RF Magnetron Sputtering,,aluminoborosilicate glass,200°C,air,,100 nm,,,,,,,,,,,,,,,"Transparent electrodes for broadband solar cells, flexible touch screens",,
Zr-doped In2O3 annealed in H2 (25 nm),In2O3,,,,,,,RF Magnetron Sputtering,,aluminoborosilicate glass,200°C,H2,,25 nm,,,,,,,,,,,,,,,,,
Zr-doped In2O3 annealed in N2 (50 nm),In2O3,,,,,,,RF Magnetron Sputtering,,aluminoborosilicate glass,200°C,N2,,50 nm,,,,,,,,,,,,,,,,,
Ce-doped In2O3 (ICO) with 3 wt% CeO2,In2O3,,,,,,,Reactive Plasma Deposition (RPD),,Quartz,,,,5 nm to 300 nm (confirmed by variable angle spectroscopic ellipsometry),,,,,,,,,,,,,,,"Silicon heterojunction solar cells, advanced photoelectronic devices",Conversion efficiency over 23.5% in industrial silicon heterojunction solar cells (based on prior 23.1% efficiency),
In2O3:Ce:H (ICO),In2O3,,,"[{""Element"": ""H"", ""Concentration_text"": ""H-doped via anneal""}]",,,,Sputtering + anneal,,,200°C,,,,,,,,,,,,,,,,,,,,
In2O3:H (IOH) via ALD,In2O3,,,,,,,Atomic layer deposition (ALD),,,,,,,,,,,,,,,,,,,,,,,
In2O3:H (IOH) via Sputtering,In2O3,,,,,,,Sputtering + anneal,,,200°C,,,,,,,,,,,,,,,,,,,,
In2O3:Zn (IZO),In2O3,,,,,,,Sputtering,,,,,,,,,,,,,,,,,,,,,,,
In2O3:Sn (ITO) Sputtered,In2O3,,,,,,,Sputtering,,,,,,,,,,,,,,,,,,,,,,,
In2O3:Sn (ITO) Annealed,In2O3,,,,,,,Sputtering + anneal,,,200°C,,,,,,,,,,,,,,,,,,,,
TiO2:Nb,TiO2,,,,,,,Pulsed Laser Deposition (PLD),,,,,,,,,,,,,,,,,,,,,,,
In2O3:H (100℃ deposited),In2O3,,,,,,,Atomic Layer Deposition (ALD),,"Si, Quartz, or Sapphire",,,,"Varies with cycles (e.g., ~3nm at 50 cycles)",,,,,,,,,,,,,,,Infrared-transparent conductive coatings,,
In2O3:H (150-300℃ deposited),In2O3,,,,,,,Atomic Layer Deposition (ALD),,"Si, Quartz, or Sapphire",,,,200 nm (1500 cycles at 150℃),,,,,,,,,,,,,,,High-mobility transparent electrodes,,
In2O3:H (200℃ post-annealed in N₂),In2O3,,,,,,,ALD + Post-Annealing,,,200℃,N₂,,,,,,,,,,,,,,,,,Optimized IR-transparent conductive films,,
In2O3:H (Air-annealed),In2O3,,,,,,,ALD + Post-Annealing,,,200-250℃,Air,,,,,,,,,,,,,,,,,High IR-transmittance electromagnetic shielding,,
poly-In2O3:W (1 wt.% WO3),In2O3,,,,,,,Reactive Plasma Deposition (RPD),,glass,300°C,Vacuum,,220 nm,,,,,,,,,,,,,,,Solar cells and optoelectronic devices,,
spc-In2O3:H (Hydrogen-doped),In2O3,,,,,,,Reactive Plasma Deposition (RPD),,glass,250°C,Vacuum,,220 nm,,,,,,,,,,,,,,,High-efficiency solar cells,,
"spc-In2O3:Ce,H (1 wt.% CeO2)",In2O3,,,"[{""Element"": ""H"", ""Concentration_text"": ""Interstitial doping via H2O vapor""}]",,,,Reactive Plasma Deposition (RPD),,glass,250°C,Vacuum,,220 nm,,,,,,,,,,,,,,,,,
"spc-In2O3:Ce,H (3 wt.% CeO2)",In2O3,,,"[{""Element"": ""H"", ""Concentration_text"": ""Interstitial doping via H2O vapor""}]",,,,Reactive Plasma Deposition (RPD),,glass,250°C,Vacuum,,220 nm,,,,,,,,,,,,,,,,,
"spc-In2O3:W,H (1 wt.% WO3)",In2O3,,,"[{""Element"": ""H"", ""Concentration_text"": ""Interstitial doping via H2O vapor""}]",,,,Reactive Plasma Deposition (RPD),,glass,250°C,Vacuum,,220 nm,,,,,,,,,,,,,,,,,
Sn-doped In2O3 (ITO) via RF magnetron sputtering (7% O2),In2O3,,,,,,,RF Magnetron Sputtering,,Glass and silicon substrates,,,,,,,,,,,,,,,,,,,"LEDs, displays, solar cells",,
Sn-doped In2O3 (ITO) via electron beam evaporation (500°C),In2O3,,,,,,,Electron Beam Evaporation,,Glass,,,,,,,,,,,,,,,,,,,,,
Mo-doped In2O3 (IMO) via activated reactive evaporation (3% Mo),In2O3,,,,,,,Activated Reactive Evaporation,,Glass,,,,,,,,,,,,,,,,,,,Solar cells with high IR transparency,,
Mo-doped In2O3 (IMO) via RF co-sputtering (0.05% Mo),In2O3,,,,,,,RF Magnetron Co-sputtering,,,,,,,,,,,,,,,,,,,,,,,
W-doped In2O3 (IWO) via DC magnetron sputtering (0.24 Pa O2),In2O3,,,,,,,DC Magnetron Sputtering,,,,,,,,,,,,,,,,,,,,,,,
"W-doped In2O3 (IWO) via DC sputtering (40 W, 225°C)",In2O3,,,,,,,DC Magnetron Sputtering,,,,,,,,,,,,,,,,,,,,,,,
"Ti-doped In2O3 (InTiO) via RF sputtering (300 W, 2 Pa)",In2O3,,,,,,,RF Magnetron Sputtering,,,,,,,,,,,,,,,,,,,,,Touch screen displays,,
Hf-doped In2O3 (InHfO) via RF sputtering,In2O3,,,,,,,RF Magnetron Sputtering,,,,,,,,,,,,,,,,,,,,,,,
V-doped In2O3 (IVO) via electron beam evaporation,In2O3,,,,,,,Electron Beam Evaporation,,,200°C,,,,,,,,,,,,,,,,,,,,
ITO (In2O3:SnO2=97:3wt%),In2O3,,,,,,,DC Magnetron Sputtering,,Glass,200°C,Air,,~110 nm,,,,,,,,,,,,,,,Window layer for HJT solar cells,,
ITO (In2O3:SnO2=97:3wt%) with 3% O2,In2O3,,,,,,,DC Magnetron Sputtering,,Glass,,,,,,,,,,,,,,,,,,,HJT solar cells,,
ITO (In2O3:SnO2=90:10wt%),In2O3,,,,,,,DC Magnetron Sputtering,,Glass,200°C,Air,,~110 nm,,,,,,,,,,,,,,,Window layer for HJT solar cells,,
ITO (In2O3:SnO2=90:10wt%) with 2% H2,In2O3,,,"[{""Element"": ""H"", ""Concentration_text"": ""2% H2""}]",,,,DC Magnetron Sputtering,,Glass,,,,,,,,,,,,,,,,,,,HJT solar cells,,
In-Ga-Zn-O (IGZO) ceramic target,In2O3,,,"[{""Element"": ""Zn"", ""Concentration_text"": ""1:1 molar ratio with In2O3 and Ga2O3""}]",,,,Magnetron Sputtering,,,,,,,,,,,,,,,,,,,,,"Thin film transistors, display technology",,
Ce-doped In2O3 (3 at.%),In2O3,,,,,,,dc magnetron sputtering,,Corning glass substrates kept at 473 K,,,,approximately 100 nm,,,,,,,,,,,,,,,Thermoelectric materials,,
Undoped In2O3,In2O3,,,,,,,Sol–gel spin coating,,Soda lime glass,500°C,,,93.4 nm,,,,,,,,,,,,,,,"Sensors, transparent oxide applications",,
Cr-doped In2O3 (x=0.025),In2O3,,,,,,,Sol–gel spin coating,,Soda lime glass,500°C,,,87.84 nm,,,,,,,,,,,,,,,"Sensors, transparent oxide applications",,
Cr-doped In2O3 (x=0.05),In2O3,,,,,,,Sol–gel spin coating,,Soda lime glass,500°C,,,84.8 nm,,,,,,,,,,,,,,,"Sensors, transparent oxide applications",,
Cr-doped In2O3 (x=0.075),In2O3,,,,,,,Sol–gel spin coating,,Soda lime glass,500°C,,,104.97 nm,,,,,,,,,,,,,,,"Sensors, transparent oxide applications",,
Cr-doped In2O3 (x=0.15),In2O3,,,,,,,Sol–gel spin coating,,Soda lime glass,500°C,,,100.5 nm,,,,,,,,,,,,,,,"Sensors, transparent oxide applications",,
Amorphous ITO film crystallized via traditional furnace annealing,In2O3,,,,,,,,,,,,,,,,,,,,,,,,,,,,"Liquid crystal displays, solar cells, electrochromic windows, gas sensors, aircraft/High-speed train thermal glass",,
Amorphous ITO film crystallized via infrared annealing,In2O3,,,,,,,,,,,,,,,,,,,,,,,,,,,,High-performance TCOs for heat-sensitive substrates,,
Amorphous ITO film crystallized via laser annealing,In2O3,,,,,,,,,,,,,,,,,,,,,,,,,,,,Precision TCO patterning for advanced optoelectronics,,
Amorphous ITO film crystallized via flash lamp annealing,In2O3,,,,,,,,,,,,,,,,,,,,,,,,,,,,Large-area TCO production with high throughput,,
ITO (1 wt% SnO2 with TiO2/SiO2 sintering aids),In2O3,,,"[{""Element"": ""Ti"", ""Concentration_text"": ""0.25 wt% TiO2""}, {""Element"": ""Si"", ""Concentration_text"": ""0.02 wt% SiO2""}]",,,,Mold pressing + Microwave sintering,,,,,,N/A (Bulk target),,,,,,,,,,,,,,,Transparent conductive electrodes for heterojunction solar cells,,
ITO (2 wt% SnO2 with TiO2/SiO2 sintering aids),In2O3,,,"[{""Element"": ""Ti"", ""Concentration_text"": ""0.25 wt% TiO2""}, {""Element"": ""Si"", ""Concentration_text"": ""0.02 wt% SiO2""}]",,,,Mold pressing + Microwave sintering,,,,,,N/A (Bulk target),,,,,,,,,,,,,,,Transparent conductive electrodes for heterojunction solar cells,,
ITO (3 wt% SnO2 with TiO2/SiO2 sintering aids),In2O3,,,"[{""Element"": ""Ti"", ""Concentration_text"": ""0.25 wt% TiO2""}, {""Element"": ""Si"", ""Concentration_text"": ""0.02 wt% SiO2""}]",,,,Mold pressing + Microwave sintering,,,,,,N/A (Bulk target),,,,,,,,,,,,,,,Transparent conductive electrodes for heterojunction solar cells,,
Cold-sintered ITO (1 wt% SnO2),In2O3,,,,,,,Cold sintering + Microwave sintering,,,,,,N/A (Bulk target),,,,,,,,,,,,,,,Transparent conductive electrodes for flexible electronics,,
In2O3:Ta2O5:TiO2 (99:0.5:0.5 wt%),In2O3,,,"[{""Element"": ""Ti"", ""Concentration_text"": ""0.5 wt% TiO2""}]",,,,Mold pressing + Atmospheric sintering,,,,,,N/A (Bulk target),,,,,,,,,,,,,,,High-mobility TCO films for solar cells,,
In2O3:Ta2O5:TiO2:CeO2 (99:0.5:0.2:0.3 wt%),In2O3,,,"[{""Element"": ""Ti"", ""Concentration_text"": ""0.2 wt% TiO2""}, {""Element"": ""Ce"", ""Concentration_text"": ""0.3 wt% CeO2""}]",,,,Mold pressing + Atmospheric sintering,,,,,,N/A (Bulk target),,,,,,,,,,,,,,,High-mobility TCO films for solar cells,,
Ti-doped In2O3 (T100),In2O3,,,,,,,Sputtering,,,,,,,,,,,,,,,,,,,,,Amorphous/crystalline silicon heterojunction solar cells,Cell conversion efficiency improves by 0.26% compared to ITO films,
Mo-doped In2O3 (IMO),In2O3,,,,,,,Aerosol-Assisted Chemical Vapor Deposition (AACVD),,SiO2-coated soda-lime glass,,,,670–800 nm (determined by cross-sectional SEM),,,,,,,,,,,,,,,Transparent conductive electrodes with reduced indium usage,Sheet resistance as low as 2 Ω/sq for 670–800 nm films,
Sn-doped In2O3 (ITO),In2O3,,,,,,,Aerosol-Assisted Chemical Vapor Deposition (AACVD),,SiO2-coated soda-lime glass,,,,700–1600 nm (determined by cross-sectional SEM),,,,,,,,,,,,,,,Industry-standard transparent conductive electrodes,,
